race_eth_code,median_income,affordability_ratio,ave_fam_size
1,23777.0,0.3157795,3.34
1,38508.0,0.19498,3.34
1,26192.0,0.2866635,3.34
1,22858.0,0.3284754,3.34
1,36737.0,0.2043795,3.34
2,38641.0,0.1943089,3.34
1,32866.0,0.2284516,3.34
1,30439.0,0.2466668,3.34
1,28184.0,0.2664026,3.34
1,16063.0,0.4508574,3.21
1,42048.0,0.1722347,3.21
1,23858.0,0.3035511,3.21
1,28917.0,0.2504452,3.21
1,35238.0,0.2055203,3.21
2,50497.0,0.1434169,3.21
1,39591.0,0.1829235,3.21
1,21205.0,0.341529,3.21
1,31764.0,0.2279978,3.21
1,48333.0,0.1825087,3.81
1,33500.0,0.1735126,2.58
2,27448.0,0.2117703,2.58
1,6588.0,0.8823121,2.58
1,27118.0,0.2143474,2.58
1,35302.0,0.1913537,2.99
1,27159.0,0.2487267,2.99
1,8347.0,0.8092929,2.99
1,18042.0,0.3744135,2.99
2,21732.0,0.3108397,2.99
1,10275.0,0.6574373,2.99
1,20840.0,0.3241443,2.99
2,37897.0,0.185505,3.09
1,25347.0,0.2773536,3.09
1,35795.0,0.1963984,3.09
1,14208.0,0.5722254,3.62
2,26625.0,0.3053588,3.62
1,17656.0,0.4604768,3.62
1,38864.0,0.1814266,3.1
1,53507.0,0.1317765,3.1
1,27901.0,0.2527136,3.1
1,26237.0,0.2687412,3.1
1,25625.0,0.2751595,3.1
2,50542.0,0.139507,3.1
1,30625.0,0.2302355,3.1
1,27875.0,0.2529493,3.1
1,36453.0,0.1934261,3.1
2,21406.0,0.3474844,3.35
1,7500.0,0.9917667,3.35
1,18897.0,0.3936207,3.35
1,55714.0,0.1208365,2.92
1,46628.0,0.1443829,2.92
1,17390.0,0.3871355,2.92
2,40127.0,0.1677745,2.92
1,41406.0,0.162592,2.92
1,35514.0,0.1895671,2.92
1,35347.0,0.2228641,3.55
1,26707.0,0.294963,3.55
1,17664.0,0.4459678,3.55
1,16765.0,0.4698822,3.55
1,48750.0,0.1615913,3.55
2,30087.0,0.2618266,3.55
1,21439.0,0.3674414,3.55
1,14722.0,0.5350887,3.55
1,19441.0,0.4052042,3.55
1,11310.0,0.5923769,2.98
1,21250.0,0.3152839,2.98
2,47279.0,0.1417074,2.98
1,19348.0,0.3462778,2.98
1,36295.0,0.1774063,2.9
1,16034.0,0.4015818,2.9
1,32895.0,0.1957429,2.9
1,36321.0,0.1772793,2.9
1,38281.0,0.1682026,2.9
2,20894.0,0.3081728,2.9
1,19107.0,0.3369949,2.9
1,22921.0,0.2809198,2.9
1,29167.0,0.2692975,3.52
1,10156.0,0.773395,3.52
1,55417.0,0.1417363,3.52
1,19326.0,0.4064265,3.52
2,22938.0,0.3424274,3.52
1,19551.0,0.4017492,3.52
1,32404.0,0.2158759,3.17
1,12432.0,0.5626805,3.17
2,30962.0,0.22593,3.17
1,25769.0,0.2714597,3.17
1,30365.0,0.2599451,3.58
1,30000.0,0.2631078,3.58
1,19302.0,0.4089335,3.58
1,17694.0,0.4460967,3.58
1,38750.0,0.2036964,3.58
2,24239.0,0.3256419,3.58
1,35921.0,0.2197387,3.58
1,40577.0,0.1945248,3.58
1,20254.0,0.3897124,3.58
1,8750.0,0.9242276,3.67
1,26000.0,0.3110381,3.67
1,21588.0,0.3746059,3.67
1,15906.0,0.508424,3.67
2,21875.0,0.369691,3.67
1,31188.0,0.2592982,3.67
1,18434.0,0.4386998,3.67
1,6793.0,0.9949487,3.09
1,20990.0,0.3219955,3.09
1,7416.0,0.9113655,3.09
2,21285.0,0.3175328,3.09
1,19471.0,0.3471155,3.09
1,35813.0,0.162975,2.59
1,6548.0,0.8913595,2.59
1,9563.0,0.6103338,2.59
2,31369.0,0.1860634,2.59
1,20938.0,0.2787574,2.59
1,19452.0,0.3000525,2.59
1,11653.0,0.691351,3.45
1,38410.0,0.2097452,3.45
1,26970.0,0.2987139,3.45
1,22624.0,0.3560959,3.45
1,40625.0,0.1983093,3.45
2,43749.0,0.1841485,3.45
1,38313.0,0.2102762,3.45
1,35606.0,0.2262628,3.45
1,26854.0,0.3000042,3.45
1,30813.0,0.2872292,4.0
1,38289.0,0.2311472,4.0
1,17213.0,0.5141691,4.0
2,35221.0,0.2512817,4.0
1,18523.0,0.4778056,4.0
1,21473.0,0.4121638,4.0
1,65500.0,0.0974275,2.77
1,21829.0,0.2923405,2.77
1,25045.0,0.2548014,2.77
2,60861.0,0.1048537,2.77
1,9659.0,0.6606792,2.77
1,48356.0,0.1319691,2.77
2,13598.0,0.3909176,2.43
1,12846.0,0.4138017,2.43
1,26898.0,0.2533528,3.05
1,20625.0,0.3304089,3.05
1,17500.0,0.3894104,3.05
2,23457.0,0.2905181,3.05
1,6146.0,1.1087996,3.05
1,22298.0,0.3056186,3.05
1,9931.0,0.7895735,3.57
1,32702.0,0.239779,3.57
1,14800.0,0.5298145,3.57
1,18147.0,0.4320965,3.57
2,18374.0,0.4267582,3.57
1,11477.0,0.6832146,3.57
1,17523.0,0.4474836,3.57
1,22500.0,0.3244135,3.19
2,17742.0,0.4114138,3.19
1,17823.0,0.4095441,3.19
1,51477.0,0.20145,4.4
2,43146.0,0.2403477,4.4
1,44604.0,0.2324913,4.4
1,22404.0,0.3495323,3.52
1,49241.0,0.1590325,3.52
1,31500.0,0.2486007,3.52
1,22607.0,0.3463936,3.52
2,41501.0,0.1886923,3.52
1,57596.0,0.1359629,3.52
1,27212.0,0.2877745,3.52
1,100625.0,0.0670793,2.93
1,21603.0,0.3124498,2.93
1,26000.0,0.2596097,2.93
2,36000.0,0.1874959,2.93
1,48359.0,0.139578,2.93
1,33401.0,0.2020854,2.93
1,13208.0,0.4809466,2.76
1,8885.0,0.7149513,2.76
2,38539.0,0.1648289,2.76
1,36816.0,0.172543,2.76
1,39189.0,0.1980319,3.3
1,37899.0,0.2047725,3.3
1,39406.0,0.1969414,3.3
1,28658.0,0.270803,3.3
1,41417.0,0.1873789,3.3
2,50408.0,0.1539572,3.3
1,45457.0,0.1707256,3.3
1,40456.0,0.1918299,3.3
1,38134.0,0.2035106,3.3
1,65294.0,0.0964065,2.78
1,75909.0,0.0829252,2.78
1,20000.0,0.3147383,2.78
1,30849.0,0.2040509,2.78
2,42852.0,0.1468955,2.78
1,37738.0,0.1668018,2.78
1,40202.0,0.1565784,2.78
2,24844.0,0.2024802,2.29
1,25125.0,0.2002156,2.29
1,14329.0,0.5659194,3.5
1,33287.0,0.2436104,3.5
1,27922.0,0.2904183,3.5
1,23249.0,0.3487918,3.5
1,98313.0,0.0824821,3.5
2,37009.0,0.2191105,3.5
1,43094.0,0.1881714,3.5
1,21594.0,0.3755237,3.5
1,28033.0,0.2892683,3.5
1,19531.0,0.3536954,3.09
1,28711.0,0.2406055,3.09
1,26024.0,0.2654482,3.09
1,22561.0,0.3061932,3.09
1,32105.0,0.2151697,3.09
2,36991.0,0.1867488,3.09
1,34213.0,0.2019123,3.09
1,36750.0,0.1879735,3.09
1,30286.0,0.228093,3.09
1,21780.0,0.3026214,2.89
2,39444.0,0.1671,2.89
1,11728.0,0.5619964,2.89
1,23162.0,0.284565,2.89
1,11848.0,0.705585,3.6
1,35673.0,0.2343445,3.6
1,27592.0,0.3029781,3.6
1,25120.0,0.3327934,3.6
2,32152.0,0.2600078,3.6
1,28558.0,0.2927296,3.6
1,43125.0,0.1938498,3.6
1,27814.0,0.3005598,3.6
1,23917.0,0.2829312,3.24
1,36556.0,0.1851096,3.24
1,26739.0,0.253071,3.24
1,23172.0,0.2920277,3.24
1,17460.0,0.3875639,3.24
2,41498.0,0.1630649,3.24
1,34000.0,0.1990255,3.24
1,19662.0,0.3441596,3.24
1,30021.0,0.2254044,3.24
1,32589.0,0.2292507,3.27
1,39156.0,0.1908022,3.27
1,22564.0,0.3311049,3.27
1,27446.0,0.2722091,3.27
1,26897.0,0.2777652,3.27
2,67545.0,0.1106085,3.27
1,52652.0,0.1418949,3.27
1,34410.0,0.2171186,3.27
1,30764.0,0.2412699,3.33
1,28196.0,0.2632439,3.33
1,25046.0,0.2963517,3.33
1,22115.0,0.3356286,3.33
1,22692.0,0.3270944,3.33
2,29716.0,0.2497788,3.33
1,26250.0,0.2827591,3.33
1,25632.0,0.2895765,3.33
1,48839.0,0.1297027,2.79
1,34565.0,0.1832648,2.79
1,63026.0,0.1005069,2.79
1,23225.0,0.272747,2.79
2,31398.0,0.2017501,2.79
1,45758.0,0.1384359,2.79
1,28082.0,0.2255733,2.79
1,41875.0,0.170578,3.17
1,60043.0,0.118964,3.17
1,29535.0,0.2418471,3.17
1,31167.0,0.2291833,3.17
1,78235.0,0.0913013,3.17
2,64016.0,0.1115808,3.17
1,42262.0,0.169016,3.17
1,43668.0,0.1635741,3.17
1,22321.0,0.3212547,3.17
1,35083.0,0.2043932,3.17
1,26719.0,0.2683755,3.17
1,25101.0,0.2856749,3.17
2,34554.0,0.2075223,3.17
1,34730.0,0.2064707,3.17
1,29425.0,0.243695,3.17
1,34402.0,0.2123228,3.2
1,47083.0,0.1551373,3.2
1,36065.0,0.2025323,3.2
1,26269.0,0.2780589,3.2
1,35904.0,0.2034405,3.2
2,61113.0,0.1195217,3.2
1,33750.0,0.2164246,3.2
1,24375.0,0.2996648,3.2
1,38280.0,0.1908132,3.2
1,48405.0,0.1372172,2.96
1,45714.0,0.1452946,2.96
1,22280.0,0.2981149,2.96
2,35071.0,0.1893872,2.96
1,24000.0,0.27675,2.96
1,27755.0,0.2393082,2.96
1,11660.0,0.5868198,3.05
1,23750.0,0.2880976,3.05
1,9800.0,0.6981958,3.05
1,16625.0,0.411568,3.05
2,19368.0,0.3532796,3.05
1,9340.0,0.7325823,3.05
1,19045.0,0.3592711,3.05
2,9125.0,1.0124318,3.84
1,9125.0,1.0124318,3.84
1,14531.0,0.3821745,2.53
1,20673.0,0.2686295,2.53
2,16053.0,0.3459401,2.53
1,34722.0,0.1599383,2.53
1,16638.0,0.3337767,2.53
1,13958.0,0.5144849,3.18
1,41786.0,0.1718561,3.18
1,29438.0,0.2439425,3.18
1,27315.0,0.2629024,3.18
1,40061.0,0.1792561,3.18
2,40837.0,0.1758499,3.18
1,17296.0,0.4151931,3.18
1,53864.0,0.1333206,3.18
1,33092.0,0.2170065,3.18
1,33750.0,0.2003592,2.97
1,52054.0,0.1299059,2.97
1,17011.0,0.3975148,2.97
1,25154.0,0.268829,2.97
2,40559.0,0.1667232,2.97
1,20769.0,0.3255874,2.97
1,35697.0,0.1894312,2.97
1,14830.0,0.5116345,3.39
1,32417.0,0.2340605,3.39
1,12906.0,0.5879079,3.39
1,18188.0,0.4171729,3.39
1,50833.0,0.1492641,3.39
2,27070.0,0.2802933,3.39
1,6314.0,1.201701,3.39
1,21001.0,0.3612942,3.39
1,31818.0,0.221819,3.2
1,16324.0,0.4323596,3.2
1,17590.0,0.4012415,3.2
2,25486.0,0.27693,3.2
1,17134.0,0.4119201,3.2
1,21385.0,0.3300369,3.2
1,6061.0,1.0641929,2.93
2,25031.0,0.2576834,2.93
1,21615.0,0.2984073,2.93
2,20594.0,0.2843682,2.68
1,15313.0,0.3824384,2.68
1,17099.0,0.3424925,2.68
1,27788.0,0.2897061,3.66
1,25083.0,0.3209486,3.66
1,29211.0,0.2755932,3.66
1,18521.0,0.4346608,3.66
2,23840.0,0.3376826,3.66
1,32222.0,0.2498403,3.66
1,19735.0,0.4079226,3.66
1,35887.0,0.1568563,2.57
2,21574.0,0.2609206,2.57
1,22020.0,0.2556358,2.57
1,60227.0,0.1263543,3.24
1,44522.0,0.1709254,3.24
1,36733.0,0.2071691,3.24
1,26981.0,0.2820481,3.24
2,53199.0,0.1430467,3.24
1,26287.0,0.2894945,3.24
1,53111.0,0.1432837,3.24
1,39816.0,0.1911277,3.24
1,50469.0,0.1357559,3.02
1,41364.0,0.1656384,3.02
1,21375.0,0.3205364,3.02
1,26659.0,0.2570039,3.02
1,6328.0,1.0827222,3.02
2,36438.0,0.1880308,3.02
1,48409.0,0.1415329,3.02
1,32020.0,0.2139746,3.02
1,13750.0,0.5156929,3.22
1,28750.0,0.2466357,3.22
1,16750.0,0.42333,3.22
1,27813.0,0.2549447,3.22
2,22056.0,0.3214897,3.22
1,23109.0,0.3068405,3.22
1,23260.0,0.3048485,3.22
1,102750.0,0.057327,2.44
2,12500.0,0.6470352,3.44
1,12500.0,0.6470352,3.44
1,17310.0,0.5436859,4.01
1,14933.0,0.6302286,4.01
2,19231.0,0.4893767,4.01
1,28208.0,0.333636,4.01
1,16997.0,0.5536979,4.01
2,46641.0,0.1434701,2.75
1,52596.0,0.1272262,2.75
1,26083.0,0.2922107,3.07
1,5500.0,1.1779503,2.88
1,6042.0,1.0722818,2.88
1,53036.0,0.1357331,3.13
1,17188.0,0.4188235,3.13
1,31765.0,0.2266249,3.13
2,29048.0,0.2478222,3.13
1,33654.0,0.2139044,3.13
1,30889.0,0.2330518,3.13
2,111250.0,0.0604421,2.78
1,111250.0,0.0604421,2.78
1,90875.0,0.0708856,2.74
1,60879.0,0.1058119,2.74
2,65568.0,0.098245,2.74
1,61118.0,0.1053982,2.74
1,25559.0,0.2846228,3.09
1,46092.0,0.1578294,3.09
2,47061.0,0.1545797,3.09
1,40589.0,0.1792277,3.09
1,66442.0,0.1007861,2.82
1,35857.0,0.1867539,2.82
1,47644.0,0.1405514,2.82
2,49239.0,0.1359986,2.82
1,62045.0,0.1079286,2.82
1,48520.0,0.1380139,2.82
2,24750.0,0.3093378,3.16
1,24750.0,0.3093378,3.16
1,19500.0,0.4164431,3.38
1,16250.0,0.439543,3.25
2,6719.0,1.0630411,3.25
1,10703.0,0.6673431,3.25
1,9792.0,0.7339309,3.28
1,9792.0,0.7339309,3.28
1,89792.0,0.0628977,2.67
2,41305.0,0.1367318,2.67
1,41691.0,0.1354659,2.67
2,33897.0,0.1577044,2.38
1,33897.0,0.1577044,2.38
1,65592.0,0.1168654,3.3
1,48750.0,0.1572397,3.3
2,51875.0,0.1477674,3.3
1,50859.0,0.1507194,3.3
2,16212.0,0.4301604,3.05
1,16174.0,0.431171,3.05
1,28266.0,0.2798512,3.64
2,54531.0,0.1450601,3.64
1,28790.0,0.2747577,3.64
1,36250.0,0.2306572,3.52
1,59250.0,0.1411194,3.52
2,60184.0,0.1389294,3.52
1,58250.0,0.1435421,3.52
1,16632.0,0.4694322,3.76
1,17396.0,0.4488156,3.76
1,34063.0,0.2412379,3.54
1,31837.0,0.258105,3.54
1,24973.0,0.3290469,3.54
2,41063.0,0.2001142,3.54
1,31528.0,0.2606346,3.54
1,27803.0,0.295554,3.54
2,22232.0,0.310108,3.09
1,20402.0,0.3379237,3.09
1,7321.0,0.7049507,2.36
2,7333.0,0.7037971,2.36
1,7330.0,0.7040851,2.36
1,17137.0,0.4334621,3.24
1,37292.0,0.1991913,3.24
1,24904.0,0.298275,3.24
2,43056.0,0.1725251,3.24
1,66058.0,0.1124503,3.24
1,35868.0,0.2070994,3.24
1,50222.0,0.156599,3.52
1,19906.0,0.3950928,3.52
1,27703.0,0.283894,3.52
2,38365.0,0.2049972,3.52
1,21927.0,0.3586773,3.52
1,31479.0,0.2498401,3.52
2,85234.0,0.0971239,3.43
1,85234.0,0.0971239,3.43
1,23662.0,0.330212,3.4
1,11758.0,0.6645242,3.4
2,26316.0,0.2969097,3.4
1,33125.0,0.2358785,3.4
1,19688.0,0.3968649,3.4
2,65833.0,0.0888789,2.54
1,65833.0,0.0888789,2.54
2,14485.0,0.6430312,4.51
1,31684.0,0.2939751,4.51
1,13438.0,0.6063806,3.59
2,9760.0,0.8348916,3.59
1,12898.0,0.6317679,3.59
1,17933.0,0.4000255,3.0
1,44784.0,0.1601835,3.0
2,31667.0,0.2265342,3.0
1,40671.0,0.1763826,3.0
1,65909.0,0.0869741,2.56
2,24507.0,0.2339077,2.56
1,26736.0,0.2144067,2.56
1,28705.0,0.2121083,2.76
1,20304.0,0.2998704,2.76
1,14216.0,0.4282898,2.76
2,35000.0,0.1739591,2.76
1,24345.0,0.2500952,2.76
1,21587.0,0.2820479,2.76
1,18315.0,0.4730875,4.13
1,85938.0,0.0707796,2.62
2,40938.0,0.1485821,2.62
1,43629.0,0.1394177,2.62
1,47917.0,0.1664502,3.39
1,21980.0,0.3628659,3.39
2,27031.0,0.2950609,3.39
1,31528.0,0.2529749,3.39
1,14107.0,0.711089,4.46
1,14621.0,0.6860907,4.46
1,28860.0,0.262645,3.37
1,17717.0,0.4278339,3.37
1,17429.0,0.4349036,3.37
2,17169.0,0.4414895,3.37
1,18800.0,0.403188,3.37
1,26052.0,0.2235526,2.6
2,31607.0,0.1842628,2.6
1,27215.0,0.2139994,2.6
1,16131.0,0.440306,3.22
1,14420.0,0.4925503,3.22
2,18173.0,0.3908312,3.22
1,41827.0,0.1698084,3.22
1,15998.0,0.4439665,3.22
1,63494.0,0.1118945,3.28
2,63255.0,0.1030249,2.72
1,63255.0,0.1030249,2.72
2,45012.0,0.1330314,2.62
1,31354.0,0.1909807,2.62
1,21094.0,0.4023252,3.65
1,20852.0,0.4069944,3.65
1,41190.0,0.1394496,2.41
2,40179.0,0.1429585,2.41
1,40786.0,0.1408309,2.41
1,7880.0,1.0784476,4.18
2,26371.0,0.3222543,4.18
1,9559.0,0.8890226,4.18
1,38750.0,0.2185135,3.54
1,31563.0,0.2682697,3.54
1,31250.0,0.2709567,3.54
1,21875.0,0.4054867,3.76
1,32279.0,0.2747923,3.76
1,27000.0,0.3285193,3.76
2,34063.0,0.2604005,3.76
1,28006.0,0.3167186,3.76
1,32061.0,0.2411378,3.5
1,21927.0,0.3525844,3.5
1,18446.0,0.4191216,3.5
2,32117.0,0.2407173,3.5
1,21853.0,0.3537783,3.5
1,21953.0,0.3521668,3.5
1,23402.0,0.3303614,3.5
1,70250.0,0.1362655,4.07
1,26473.0,0.3616007,4.07
2,19156.0,0.4997209,4.07
1,26500.0,0.3612322,4.07
2,72813.0,0.1532438,4.63
1,72813.0,0.1532438,4.63
1,31616.0,0.2337075,3.23
1,21429.0,0.3448083,3.23
1,13872.0,0.5326482,3.23
2,16406.0,0.4503777,3.23
1,18607.0,0.397103,3.23
1,16179.0,0.4761703,3.4
1,17089.0,0.4508139,3.4
2,15625.0,0.4930534,3.4
1,33250.0,0.231698,3.4
1,16752.0,0.4598829,3.4
1,90809.0,0.0929442,3.69
1,12417.0,0.6797269,3.69
1,10893.0,0.774825,3.69
2,13036.0,0.6474508,3.69
1,12167.0,0.6936935,3.69
2,25919.0,0.2297704,2.71
1,25919.0,0.2297704,2.71
2,11071.0,0.5405208,2.71
1,11071.0,0.5405208,2.71
2,34167.0,0.1651313,2.36
1,34436.0,0.1638413,2.36
1,24167.0,0.3065652,3.25
1,17031.0,0.4350162,3.25
1,21516.0,0.3443373,3.25
2,19457.0,0.3807761,3.25
1,21489.0,0.3447699,3.25
1,19000.0,0.505615,4.13
1,19005.0,0.505482,4.13
1,24402.0,0.3406051,3.66
2,32279.0,0.2574877,3.66
1,25188.0,0.3299764,3.66
2,7115.0,0.6213345,2.07
1,7115.0,0.6213345,2.07
1,28750.0,0.270337,3.31
1,31750.0,0.2447934,3.31
1,34233.0,0.2270379,3.31
2,32282.0,0.2407592,3.31
1,30521.0,0.2546505,3.31
1,32016.0,0.2427595,3.31
1,63438.0,0.0891356,2.41
1,30676.0,0.1843326,2.41
2,97738.0,0.0578545,2.41
1,57241.0,0.0987856,2.41
2,16471.0,0.4286744,2.95
1,25521.0,0.2766622,2.95
1,55268.0,0.121095,2.94
1,53302.0,0.1255615,2.94
2,54256.0,0.1233537,2.94
1,27188.0,0.246163,2.94
1,53579.0,0.1249124,2.94
1,87857.0,0.0761999,2.92
1,12056.0,0.5552998,2.92
1,21116.0,0.3170437,2.92
2,56604.0,0.1182725,2.92
1,50588.0,0.1323376,2.92
1,38691.0,0.1730298,2.92
2,60744.0,0.1069322,2.65
1,57619.0,0.1127317,2.65
2,30515.0,0.1991554,2.79
1,7214.0,0.8424211,2.79
1,80833.0,0.0772223,2.64
1,86058.0,0.0725337,2.64
2,70082.0,0.0890687,2.64
1,69621.0,0.0896584,2.64
1,24167.0,0.3079971,3.24
2,35556.0,0.2093421,3.24
1,35093.0,0.212104,3.24
1,7632.0,0.9811784,3.16
2,20852.0,0.3591192,3.16
1,18837.0,0.3975343,3.16
2,40625.0,0.1928177,3.5
1,28125.0,0.2785145,3.5
2,9185.0,0.6300054,2.34
1,8533.0,0.6781436,2.34
2,19844.0,0.3961177,3.75
1,14922.0,0.5267765,3.75
2,52734.0,0.1069963,2.6
1,28625.0,0.1971124,2.6
2,54712.0,0.1287286,2.91
1,54712.0,0.1287286,2.91
1,66000.0,0.0888289,2.47
1,17058.0,0.6220166,4.4
2,22292.0,0.4759716,4.4
1,21218.0,0.5000641,4.4
2,12188.0,0.4902102,2.61
1,21771.0,0.274433,2.61
1,24219.0,0.3393123,3.49
1,29145.0,0.2819628,3.49
1,24574.0,0.3344105,3.49
2,12500.0,0.455851,2.51
1,12500.0,0.455851,2.51
2,3846.0,1.1998756,2.23
1,3846.0,1.1998756,2.23
2,32132.0,0.2333273,3.32
1,32096.0,0.233589,3.32
1,39926.0,0.192391,3.79
2,34000.0,0.2259236,3.79
1,53355.0,0.1439678,3.79
2,26786.0,0.2572953,2.88
1,26786.0,0.2572953,2.88
2,67614.0,0.0807251,2.67
1,42500.0,0.1284271,2.67
1,20109.0,0.388934,3.86
1,13068.0,0.5407712,3.13
1,23750.0,0.2115382,2.27
1,21167.0,0.3282557,3.26
2,43365.0,0.1602257,3.26
1,29000.0,0.2395927,3.26
2,9257.0,0.6051132,2.52
1,9662.0,0.5797488,2.52
1,50089.0,0.1471019,3.11
2,45733.0,0.1611132,3.11
1,45948.0,0.1603593,3.11
1,15059.0,0.5098797,3.6
2,13125.0,0.5850116,3.6
1,14827.0,0.5178578,3.6
1,28750.0,0.2325807,2.84
1,36630.0,0.182547,2.84
2,41919.0,0.1595147,2.84
1,40211.0,0.1662902,2.84
1,102045.0,0.0772079,3.42
1,73404.0,0.1073331,3.42
1,19716.0,0.3996083,3.42
2,71304.0,0.1104942,3.42
1,12614.0,0.6245979,3.42
1,64848.0,0.1214945,3.42
1,10333.0,0.7981912,3.69
2,22500.0,0.2574513,2.66
1,26031.0,0.222529,2.66
1,51528.0,0.1311681,3.39
2,37100.0,0.1821787,3.39
1,36450.0,0.1854275,3.39
1,66027.0,0.1227964,3.42
1,31875.0,0.2543647,3.42
1,32712.0,0.2478563,3.42
2,36028.0,0.2250438,3.42
1,19000.0,0.4267303,3.42
1,35000.0,0.2316536,3.42
1,38125.0,0.1562114,2.51
2,17826.0,0.334094,2.51
1,22679.0,0.2626024,2.51
1,75417.0,0.0915757,2.92
1,19103.0,0.3615329,2.92
1,33632.0,0.205351,2.92
2,46985.0,0.1469908,2.92
1,63083.0,0.1094806,2.92
1,45846.0,0.1506427,2.92
1,48021.0,0.1215845,2.56
1,55321.0,0.1055406,2.56
2,48516.0,0.120344,2.56
1,48750.0,0.1197664,2.56
2,31364.0,0.1922546,2.82
1,31364.0,0.1922546,2.82
1,14853.0,0.464511,3.14
1,14779.0,0.4668369,3.14
1,9479.0,0.9155903,4.16
1,9479.0,0.9155903,4.16
2,27444.0,0.2429113,2.69
1,26639.0,0.2502518,2.69
1,35549.0,0.207152,3.15
2,90833.0,0.0810724,3.15
1,60984.0,0.1207537,3.15
1,22558.0,0.3868127,3.82
1,22865.0,0.3816191,3.82
1,7095.0,1.1991613,3.93
1,14409.0,0.5904677,3.93
2,11675.0,0.7287409,3.93
1,13150.0,0.647,3.93
1,32614.0,0.2273245,3.03
2,24607.0,0.3012948,3.03
1,24643.0,0.3008547,3.03
1,12414.0,0.7093831,3.89
1,14167.0,0.6216053,3.89
2,29333.0,0.1747014,2.37
1,28333.0,0.1808674,2.37
1,6983.0,1.295252,3.89
1,6983.0,1.295252,3.89
1,38542.0,0.1808392,2.95
1,37917.0,0.18382,2.95
2,52643.0,0.1323994,2.95
1,50606.0,0.1377288,2.95
1,24453.0,0.3144253,3.32
2,49911.0,0.1540471,3.32
1,49286.0,0.1560005,3.32
1,16006.0,0.385999,2.63
2,44211.0,0.1397458,2.63
1,24886.0,0.2482641,2.63
2,36458.0,0.2507334,3.8
1,36458.0,0.2507334,3.8
2,81000.0,0.0822742,2.84
1,81000.0,0.0822742,2.84
1,35129.0,0.1205266,2.26
2,22895.0,0.1849303,2.26
1,12115.0,0.3494824,2.26
1,45096.0,0.1494038,3.36
1,33598.0,0.2005332,3.36
2,24221.0,0.2781683,3.36
1,32614.0,0.2065835,3.36
1,54118.0,0.1101812,2.6
1,51023.0,0.1168647,2.6
2,67933.0,0.0877745,2.6
1,52228.0,0.1141684,2.6
1,26900.0,0.2918654,3.84
2,52500.0,0.1276514,2.96
1,52500.0,0.1276514,2.96
1,26875.0,0.2077154,2.5
2,22404.0,0.2491676,2.5
1,23167.0,0.2409614,2.5
1,21944.0,0.2814748,2.88
1,33139.0,0.1863871,2.88
2,48851.0,0.1264392,2.88
1,52431.0,0.1178059,2.88
1,39051.0,0.1581696,2.88
2,41530.0,0.1463349,2.64
1,41530.0,0.1463349,2.64
2,53144.0,0.1009729,2.26
1,53068.0,0.1011175,2.26
1,70313.0,0.0927027,2.92
1,14333.0,0.4547688,2.92
1,26017.0,0.2505363,2.92
2,35252.0,0.184903,2.92
1,35851.0,0.1818137,2.92
1,33503.0,0.1945558,2.92
1,34464.0,0.1823427,2.66
2,24271.0,0.2589205,2.66
1,33214.0,0.1892051,2.66
1,28299.0,0.323767,3.8
1,44077.0,0.2078699,3.8
1,26471.0,0.3461253,3.8
2,45521.0,0.201276,3.8
1,108393.0,0.0845284,3.8
1,38088.0,0.2405556,3.8
2,66103.0,0.1495276,3.97
1,65294.0,0.1513803,3.97
1,34545.0,0.1919593,3.18
1,10238.0,0.6477079,3.18
2,57885.0,0.1145587,3.18
1,34773.0,0.1907006,3.18
2,76094.0,0.0966455,3.04
1,75156.0,0.0978517,3.04
2,89792.0,0.0535825,2.0
1,89792.0,0.0535825,2.0
1,39345.0,0.1642292,2.79
1,32014.0,0.2018366,2.79
1,41336.0,0.1563189,2.79
2,52375.0,0.1233718,2.79
1,46477.0,0.1390278,2.79
1,22885.0,0.4322624,4.4
1,22885.0,0.4322624,4.4
1,40437.0,0.1867051,3.3
1,19464.0,0.3878849,3.3
1,15707.0,0.4806642,3.3
2,22297.0,0.3386013,3.3
1,13873.0,0.5442076,3.3
1,17337.0,0.4354728,3.3
1,16827.0,0.3434377,2.64
2,56500.0,0.1316857,3.1
1,56500.0,0.1316857,3.1
1,19943.0,0.3826973,3.47
1,9688.0,0.7877923,3.47
1,16789.0,0.4545912,3.47
2,25350.0,0.3010703,3.47
1,18772.0,0.40657,3.47
1,31771.0,0.2455584,3.23
1,65913.0,0.1183626,3.23
1,26311.0,0.2965161,3.23
2,60968.0,0.1279628,3.23
1,77778.0,0.1003065,3.23
1,34375.0,0.2269567,3.23
2,19926.0,0.2776259,2.48
1,19926.0,0.2776259,2.48
1,26629.0,0.3063094,3.41
2,25268.0,0.322808,3.41
1,26176.0,0.3116104,3.41
2,65417.0,0.1047104,2.83
1,25521.0,0.2684002,2.83
1,52727.0,0.1306355,3.27
1,21140.0,0.3258286,3.27
2,7431.0,0.9269299,3.27
1,22451.0,0.3068022,3.27
2,46218.0,0.1480728,2.92
1,46218.0,0.1480728,2.92
1,35948.0,0.1795057,2.87
1,26370.0,0.244705,2.87
1,5833.0,1.1062695,2.87
1,19592.0,0.3293625,2.87
2,22066.0,0.292435,2.87
1,9712.0,0.6644223,2.87
1,21453.0,0.300791,2.87
1,89201.0,0.0890403,3.38
1,80625.0,0.0985114,3.38
1,46667.0,0.1701948,3.38
2,42283.0,0.187841,3.38
1,61025.0,0.1301513,3.38
1,35556.0,0.2316321,3.56
1,60156.0,0.1369092,3.56
1,39922.0,0.2063,3.56
2,55153.0,0.1493284,3.56
1,40053.0,0.2056253,3.56
1,21406.0,0.4041897,3.78
2,65216.0,0.1326681,3.78
1,40170.0,0.2153867,3.78
1,56864.0,0.1246288,3.38
1,36136.0,0.1961172,3.38
1,24800.0,0.2857617,3.38
2,36964.0,0.1917241,3.38
1,46250.0,0.1532301,3.38
1,27245.0,0.2601171,3.38
1,16875.0,0.5606988,3.93
1,22895.0,0.413269,3.93
1,12188.0,0.5347107,2.88
1,22393.0,0.2910309,2.88
1,20528.0,0.3174715,2.88
2,37447.0,0.1740341,2.88
1,41800.0,0.1559104,2.88
1,33898.0,0.1922548,2.88
1,75677.0,0.08948,2.81
1,18462.0,0.3667847,2.81
1,46032.0,0.1471059,2.81
2,37188.0,0.1820904,2.81
1,45595.0,0.1485158,2.81
1,43000.0,0.256666,4.58
1,7317.0,0.8627511,2.95
2,21374.0,0.2953471,2.95
1,20024.0,0.3152592,2.95
1,55500.0,0.143285,3.38
2,55060.0,0.14443,3.38
1,55202.0,0.1440585,3.38
1,49000.0,0.1410404,3.05
1,24521.0,0.2818392,3.05
1,33116.0,0.20869,3.05
2,36493.0,0.1893782,3.05
1,20441.0,0.338094,3.05
1,33677.0,0.2052136,3.05
1,42250.0,0.1783074,3.11
1,21446.0,0.4302208,4.04
2,92171.0,0.1001022,4.04
1,21804.0,0.423157,4.04
1,17768.0,0.4485793,3.67
2,11473.0,0.6947056,3.67
1,17527.0,0.4547474,3.67
2,29250.0,0.2460347,3.11
1,29625.0,0.2429204,3.11
1,68214.0,0.1211844,3.59
1,71250.0,0.1160207,3.59
1,68214.0,0.1211844,3.59
1,20417.0,0.3957751,3.5
1,42938.0,0.1881909,3.5
1,22778.0,0.3547519,3.5
2,47059.0,0.1717108,3.5
1,24782.0,0.3260649,3.5
2,4915.0,0.93992,2.12
1,15260.0,0.3027331,2.12
1,24712.0,0.308547,3.38
2,36023.0,0.2116652,3.38
1,25964.0,0.2936687,3.38
1,30286.0,0.2826655,3.6
1,30071.0,0.2846865,3.6
1,33167.0,0.279189,4.01
1,21326.0,0.4342053,4.01
1,40729.0,0.227353,4.01
1,25684.0,0.3605303,4.01
1,50441.0,0.1347041,2.97
1,36974.0,0.1837673,2.97
1,26049.0,0.2608396,2.97
2,42538.0,0.1597304,2.97
1,37262.0,0.1823469,2.97
1,60455.0,0.0910696,2.5
1,3100.0,1.6929666,2.53
2,37443.0,0.1597692,2.5
1,35057.0,0.1706432,2.5
1,17500.0,0.4631371,3.86
1,9628.0,0.841805,3.86
1,20833.0,0.3001516,2.93
2,11848.0,0.5277733,2.93
1,11976.0,0.5221324,2.93
1,51042.0,0.1544644,3.37
1,72639.0,0.1085391,3.37
1,29808.0,0.2644985,3.37
2,50227.0,0.1569708,3.37
1,95385.0,0.0826563,3.37
1,41883.0,0.1882428,3.37
2,44233.0,0.1277916,2.66
1,43011.0,0.1314223,2.66
2,18646.0,0.3459164,2.87
1,18646.0,0.3459164,2.87
2,34719.0,0.1724424,2.54
1,40688.0,0.1471448,2.54
1,9569.0,0.7768736,3.19
1,29375.0,0.2530691,3.19
2,44623.0,0.1665935,3.19
1,110100.0,0.0675196,3.19
1,40040.0,0.1856619,3.19
2,19076.0,0.3103968,2.55
1,19125.0,0.3096016,2.55
2,60993.0,0.0960585,2.52
1,60993.0,0.0960585,2.52
2,35529.0,0.1870016,2.98
1,26406.0,0.2516087,2.98
1,33409.0,0.2014896,3.07
2,10517.0,0.6400652,3.07
1,26172.0,0.2572049,3.07
1,25787.0,0.3399678,3.91
1,26103.0,0.2852958,3.21
1,28438.0,0.2618706,3.21
1,32677.0,0.2278996,3.21
2,49773.0,0.1496208,3.21
1,65913.0,0.1129834,3.21
1,34135.0,0.2181654,3.21
2,28194.0,0.2943806,3.75
1,23214.0,0.3575328,3.75
2,18042.0,0.4017802,3.28
1,11538.0,0.6282647,3.28
2,35857.0,0.2169376,3.21
1,35857.0,0.2169376,3.21
1,19364.0,0.4571273,3.82
1,20481.0,0.4321963,3.82
1,42214.0,0.1475418,2.62
1,75923.0,0.0820348,2.62
1,38125.0,0.163366,2.62
2,51339.0,0.1213177,2.62
1,105481.0,0.0590469,2.62
1,48167.0,0.129307,2.62
1,66806.0,0.1030173,2.9
1,61563.0,0.1117907,2.9
2,110500.0,0.0622821,2.9
1,70809.0,0.0971935,2.9
1,15659.0,0.5439946,3.94
1,15659.0,0.5439946,3.94
2,53558.0,0.0958165,2.15
1,53558.0,0.0958165,2.15
1,41927.0,0.1794008,3.06
1,49479.0,0.1520188,3.06
2,49205.0,0.1528653,3.06
1,48112.0,0.1563381,3.06
1,52656.0,0.1461661,3.49
1,23264.0,0.330834,3.49
1,39191.0,0.1963849,3.49
2,53828.0,0.1429836,3.49
1,5104.0,1.5079391,3.49
1,39273.0,0.1959749,3.49
1,33625.0,0.1925975,2.73
2,53479.0,0.121096,2.73
1,44696.0,0.1448919,2.73
1,21574.0,0.3045918,2.77
2,74044.0,0.0887481,2.77
1,79839.0,0.0823064,2.77
1,77826.0,0.0844353,2.77
1,43686.0,0.1536715,2.91
1,16522.0,0.4063245,2.91
1,22875.0,0.2934773,2.91
2,46917.0,0.1430887,2.91
1,32439.0,0.2069513,2.91
1,35909.0,0.2109265,3.4
2,55395.0,0.13673,3.4
1,55066.0,0.137547,3.4
1,17950.0,0.54442,4.56
1,17950.0,0.54442,4.56
1,97813.0,0.0787477,3.58
1,7426.0,1.1716172,3.99
1,17944.0,0.4848657,3.99
2,12348.0,0.7046023,3.99
1,17585.0,0.4947643,3.99
1,14948.0,0.5657111,3.77
2,19750.0,0.4281646,3.77
1,19583.0,0.4318159,3.77
1,18856.0,0.5131128,4.15
1,19047.0,0.5079674,4.15
1,19091.0,0.4279364,3.61
1,21816.0,0.3744835,3.61
2,31750.0,0.2573144,3.61
1,21373.0,0.3822455,3.61
1,45250.0,0.2164047,4.17
1,48750.0,0.1564547,3.16
1,53854.0,0.1416268,3.16
2,56346.0,0.1353631,3.16
1,52372.0,0.1456344,3.16
1,37446.0,0.1923259,3.01
2,47019.0,0.1531686,3.01
1,46731.0,0.1541126,3.01
1,17257.0,0.4599576,3.58
2,20893.0,0.3799114,3.58
1,17431.0,0.4553662,3.58
2,48958.0,0.1459633,3.08
1,44631.0,0.1601145,3.08
1,19656.0,0.3931914,3.38
2,36500.0,0.2117416,3.38
1,26433.0,0.2923834,3.38
2,23276.0,0.2142095,2.09
1,23276.0,0.2142095,2.09
1,2500.0,1.58016,2.0
2,21635.0,0.3906677,3.9
1,5833.0,1.4490134,3.9
1,4583.0,1.2734977,2.44
1,65078.0,0.1235734,3.46
1,45464.0,0.1768852,3.46
1,33811.0,0.2378489,3.46
2,58958.0,0.1364006,3.46
1,74405.0,0.1080829,3.46
1,35352.0,0.227481,3.46
1,29821.0,0.2882666,3.57
1,15679.0,0.5482747,3.57
2,38393.0,0.2239054,3.57
1,26029.0,0.3302623,3.57
1,112813.0,0.0598713,2.94
1,30962.0,0.218147,2.94
1,51354.0,0.1315237,2.94
2,66741.0,0.1012012,2.94
1,65223.0,0.1035565,2.94
2,16852.0,0.3535819,2.56
1,17037.0,0.3497424,2.56
2,43162.0,0.1492966,2.69
1,43162.0,0.1492966,2.69
1,15274.0,0.4604377,3.42
1,15061.0,0.4669494,3.42
1,25000.0,0.3417528,3.73
2,23150.0,0.3690635,3.73
1,26932.0,0.3172367,3.73
1,16875.0,0.4082079,2.98
2,23333.0,0.295226,2.98
1,22404.0,0.3074678,2.98
1,17267.0,0.5099322,3.8
2,60288.0,0.146049,3.8
1,17350.0,0.5074928,3.8
2,72500.0,0.1203434,3.96
1,66250.0,0.1316966,3.96
1,38833.0,0.2540727,4.31
1,26183.0,0.3768248,4.31
1,28355.0,0.34796,4.31
1,19115.0,0.4447601,3.42
1,19375.0,0.4387917,3.42
1,12188.0,0.6593309,3.71
2,13682.0,0.5873355,3.71
1,13649.0,0.5887556,3.71
2,15321.0,0.2779102,1.94
1,15321.0,0.2779102,1.94
1,9188.0,1.0855399,4.31
1,29052.0,0.3433134,4.31
1,28513.0,0.3498033,4.31
2,55000.0,0.1298815,3.13
1,75227.0,0.094959,3.13
1,40833.0,0.1657906,2.87
1,26779.0,0.2527998,2.87
2,47188.0,0.1434629,2.87
1,31063.0,0.2179354,2.87
1,23750.0,0.3426337,3.47
1,21250.0,0.3829436,3.47
1,32039.0,0.2859065,3.92
1,22261.0,0.411489,3.92
1,39438.0,0.2322673,3.92
2,50250.0,0.1822917,3.92
1,39784.0,0.2302473,3.92
1,16250.0,0.4045434,3.19
1,20779.0,0.316369,3.19
1,22225.0,0.2957854,3.19
2,31521.0,0.208554,3.19
1,33393.0,0.1968625,3.19
1,23172.0,0.2836972,3.19
1,55417.0,0.1318955,3.24
1,17431.0,0.4193249,3.24
2,17264.0,0.4233811,3.24
1,17372.0,0.420749,3.24
1,53214.0,0.1725173,3.69
2,31289.0,0.2934046,3.69
1,31914.0,0.2876586,3.69
1,29875.0,0.1968632,2.69
1,70893.0,0.0829601,2.69
2,56250.0,0.1045562,2.69
1,11923.0,0.4932726,2.69
1,34318.0,0.1713762,2.69
1,46424.0,0.1441701,2.85
1,96210.0,0.0695661,2.85
2,43058.0,0.1554404,2.85
1,44923.0,0.1489872,2.85
1,29254.0,0.3133866,3.98
1,25376.0,0.3612788,3.98
2,47639.0,0.1924434,3.98
1,26053.0,0.3518908,3.98
1,12665.0,0.5078412,2.94
2,25081.0,0.2564415,2.94
1,22941.0,0.2803631,2.94
1,12209.0,0.7572436,3.75
2,59044.0,0.1565813,3.75
1,11948.0,0.7737853,3.75
1,71186.0,0.093612,2.8
2,62639.0,0.1063853,2.8
1,65833.0,0.1012238,2.8
1,67000.0,0.0994607,2.8
1,23106.0,0.2762382,2.84
1,71983.0,0.0959939,3.15
1,30083.0,0.2121717,2.84
2,32222.0,0.198087,2.84
2,65882.0,0.1048834,3.15
1,71897.0,0.0961087,3.15
1,27131.0,0.2352571,2.84
2,46071.0,0.1395648,2.66
1,46071.0,0.1395648,2.66
1,44537.0,0.1605664,3.16
1,43880.0,0.1629705,3.16
1,36134.0,0.1979063,3.16
1,29120.0,0.245575,3.16
2,46418.0,0.1540597,3.16
1,54500.0,0.1312137,3.16
1,44018.0,0.1624596,3.16
2,26719.0,0.2806686,3.42
1,26719.0,0.2806686,3.42
2,39833.0,0.187303,3.31
1,53750.0,0.1388063,3.31
1,15236.0,0.3268318,2.4
1,24111.0,0.2065285,2.4
1,15613.0,0.3189399,2.4
1,22386.0,0.3245064,3.25
2,15313.0,0.4743943,3.25
1,21591.0,0.336455,3.25
1,32558.0,0.1939649,2.98
2,68672.0,0.0919604,2.98
1,55076.0,0.1146617,2.98
2,24000.0,0.2157364,2.32
1,24000.0,0.2157364,2.32
1,34942.0,0.1975316,3.35
1,31027.0,0.2224562,3.35
1,24992.0,0.2761743,3.35
2,31380.0,0.2199538,3.35
1,15268.0,0.4520664,3.35
1,27359.0,0.2522808,3.35
1,20625.0,0.2753673,2.41
1,45898.0,0.1237407,2.41
1,46658.0,0.1732929,3.63
1,41184.0,0.1494795,2.79
2,16383.0,0.3757654,2.79
1,18214.0,0.3379908,2.79
1,19375.0,0.3177375,2.79
1,34950.0,0.2411815,3.73
2,25458.0,0.3311059,3.73
1,28625.0,0.2944732,3.73
1,6701.0,0.9664254,2.81
1,22054.0,0.2936436,2.81
2,46188.0,0.1402099,2.81
1,38250.0,0.1693076,2.81
2,41061.0,0.1483206,2.67
1,41818.0,0.1456357,2.67
1,32045.0,0.2343312,3.33
1,26677.0,0.2814838,3.33
1,26676.0,0.2814944,3.33
2,50529.0,0.1486106,3.33
1,16864.0,0.4452765,3.33
1,35276.0,0.2128683,3.33
1,29096.0,0.2496398,3.08
1,28432.0,0.2554699,3.08
1,31394.0,0.2262446,3.36
2,50625.0,0.1403007,3.36
1,36490.0,0.1946485,3.36
1,22404.0,0.4615909,4.43
1,22404.0,0.4615909,4.43
2,72750.0,0.079892,2.43
1,58833.0,0.0987905,2.43
1,11771.0,0.6837568,3.32
2,30521.0,0.2318572,3.07
1,30521.0,0.2318572,3.07
1,50924.0,0.1805691,4.0
2,22202.0,0.4141654,4.0
1,42143.0,0.2181929,4.0
1,10278.0,0.8848908,4.03
1,10278.0,0.8848908,4.03
1,19583.0,0.4679245,3.95
1,16035.0,0.5714602,3.95
1,16512.0,0.5549518,3.95
1,33103.0,0.2184273,3.23
1,19824.0,0.3647397,3.23
1,28250.0,0.2559504,3.23
2,32336.0,0.2236083,3.23
1,42250.0,0.1711385,3.23
1,30250.0,0.2390281,3.23
1,59464.0,0.1048567,2.76
1,40625.0,0.1534818,2.76
1,31176.0,0.2,2.76
2,51840.0,0.1202778,2.76
1,49854.0,0.1250692,2.76
1,30129.0,0.3176751,4.08
1,40542.0,0.2360819,4.08
1,26216.0,0.3650913,4.08
2,40461.0,0.2365545,4.08
1,52872.0,0.1810265,4.08
1,29546.0,0.3239435,4.08
1,13864.0,0.480895,3.0
1,16837.0,0.3959807,3.0
2,19786.0,0.3369619,3.0
1,20741.0,0.3214468,3.0
1,17679.0,0.3771213,3.0
2,4345.0,1.7115537,3.52
1,10236.0,0.7265241,3.52
2,38795.0,0.2052123,3.41
1,38795.0,0.2052123,3.41
2,24551.0,0.2119535,2.16
1,24551.0,0.2119535,2.16
1,4005.0,1.5952426,3.06
2,40122.0,0.159238,3.06
1,14279.0,0.4474366,3.06
2,20694.0,0.3743219,3.64
1,21528.0,0.3598206,3.64
1,10833.0,0.6470631,3.27
2,18162.0,0.3859506,3.27
1,16098.0,0.4354351,3.27
1,77868.0,0.0826799,2.82
1,52250.0,0.1232176,2.82
2,79127.0,0.0813644,2.82
1,78214.0,0.0823141,2.82
1,36250.0,0.2105736,3.28
1,41250.0,0.1850495,3.28
2,65272.0,0.1169459,3.28
1,12217.0,0.6248091,3.28
1,47078.0,0.1621414,3.28
1,53068.0,0.1475549,3.45
2,13490.0,0.5804629,3.45
1,50913.0,0.1538005,3.45
1,27542.0,0.3202506,3.96
1,21344.0,0.4132469,3.96
1,16875.0,0.348228,2.64
1,23860.0,0.3387837,4.04
1,23860.0,0.3387837,4.04
1,51838.0,0.1382807,3.12
1,24375.0,0.2940798,3.12
1,46667.0,0.1536031,3.12
2,48571.0,0.1475818,3.12
1,50357.0,0.1423475,3.12
1,41272.0,0.1736818,3.12
1,50491.0,0.1694963,3.56
1,45769.0,0.2076366,4.0
1,31364.0,0.3030008,4.0
2,38056.0,0.2497193,4.0
1,37182.0,0.2555892,4.0
1,35451.0,0.2172344,3.48
1,31639.0,0.2434077,3.48
1,16809.0,0.458158,3.48
1,16884.0,0.4561228,3.48
2,29821.0,0.2582468,3.48
1,21974.0,0.3504677,3.48
1,14008.0,0.5497699,3.48
1,19374.0,0.3975006,3.48
1,54464.0,0.1117536,2.52
1,16058.0,0.4326286,3.02
1,10625.0,0.6538494,3.02
1,15341.0,0.4528486,3.02
1,25605.0,0.2848226,3.13
1,59139.0,0.1233176,3.13
1,33386.0,0.2184413,3.13
2,33348.0,0.2186902,3.13
1,107875.0,0.0676049,3.13
1,32892.0,0.2217221,3.13
1,26667.0,0.3053313,3.61
2,51520.0,0.1580409,3.61
1,39071.0,0.2083967,3.61
1,17461.0,0.4689344,3.52
2,21154.0,0.3870693,3.52
1,22917.0,0.3572921,3.52
1,33194.0,0.2575602,3.63
1,42083.0,0.203157,3.63
1,31505.0,0.2713682,3.63
2,40861.0,0.2092326,3.63
1,51250.0,0.1668186,3.63
1,33358.0,0.256294,3.63
1,27569.0,0.2893396,3.39
1,25707.0,0.3102969,3.39
1,15206.0,0.5245825,3.39
2,36250.0,0.2200497,3.39
1,19912.0,0.4006028,3.39
2,32537.0,0.2752732,3.66
1,34632.0,0.2586211,3.66
2,22527.0,0.2310401,2.18
1,22527.0,0.2310401,2.18
1,30677.0,0.2262514,3.0
1,23125.0,0.3395592,3.24
1,23750.0,0.3306234,3.24
1,20119.0,0.3796344,3.39
2,30750.0,0.2483858,3.39
1,23750.0,0.3215943,3.39
1,22031.0,0.3678105,3.46
2,28281.0,0.2865257,3.46
1,28854.0,0.2808357,3.46
1,39808.0,0.1769302,2.98
1,55541.0,0.1268115,2.98
1,33272.0,0.2116866,2.98
2,32211.0,0.2186593,2.98
1,72981.0,0.0965078,2.98
1,33735.0,0.2087813,2.98
1,67292.0,0.1101822,3.13
1,75521.0,0.0981764,3.13
1,37638.0,0.1969918,3.13
2,51719.0,0.1433589,3.13
1,57750.0,0.1283875,3.13
1,39188.0,0.1892002,3.13
2,42243.0,0.1209062,2.14
1,42243.0,0.1209062,2.14
2,12806.0,0.5414088,3.06
1,14158.0,0.4897076,3.06
1,36389.0,0.1805205,2.87
1,53017.0,0.1239029,2.87
2,56042.0,0.117215,2.87
1,49891.0,0.1316663,2.87
1,26058.0,0.3625715,4.2
1,28355.0,0.3332001,4.2
1,20807.0,0.423207,4.05
1,20521.0,0.4291052,4.05
1,23797.0,0.41959,4.72
1,24033.0,0.4154697,4.72
1,31500.0,0.2406015,3.3
2,26900.0,0.2817452,3.3
1,32077.0,0.2362735,3.3
2,61950.0,0.1067609,2.88
1,71434.0,0.0925867,2.88
1,53477.0,0.1048921,2.53
1,4472.0,1.4491424,2.92
2,28288.0,0.2290924,2.92
1,27512.0,0.2355541,2.92
2,23750.0,0.2521453,2.48
1,23750.0,0.2521453,2.48
2,11750.0,0.6795051,3.3
1,11607.0,0.6878767,3.3
2,37151.0,0.1487235,2.57
1,43385.0,0.1273534,2.57
1,41250.0,0.1802714,3.37
1,37946.0,0.2514501,4.44
1,38287.0,0.2492106,4.44
1,19188.0,0.2465692,2.03
1,35811.0,0.200763,3.13
2,4919.0,1.4615825,3.13
1,30732.0,0.2339426,3.13
1,22813.0,0.3091186,2.97
2,22688.0,0.3108217,2.97
1,22399.0,0.314832,2.97
1,15455.0,0.4158197,2.93
1,17273.0,0.3720542,2.93
2,44083.0,0.1282908,2.45
1,43167.0,0.1310131,2.45
1,27604.0,0.3091487,3.55
2,33594.0,0.2540257,3.55
1,29063.0,0.293629,3.55
1,46905.0,0.176059,3.44
1,36563.0,0.225858,3.44
2,72994.0,0.1131332,3.44
1,43611.0,0.189357,3.44
1,26914.0,0.2963115,3.29
2,91250.0,0.0873965,3.29
1,26563.0,0.3002269,3.29
1,12500.0,0.5782874,3.36
1,12500.0,0.5782874,3.36
1,30625.0,0.2508607,3.36
1,20417.0,0.3762848,3.36
1,19425.0,0.395501,3.36
2,31014.0,0.2477142,3.36
1,22148.0,0.3468759,3.36
2,16250.0,0.3972058,3.02
1,14286.0,0.4518125,3.02
2,70952.0,0.0826194,3.04
1,70952.0,0.0826194,3.04
1,72669.0,0.0776515,2.65
1,13424.0,0.6080066,3.59
1,23078.0,0.353665,3.59
1,15625.0,0.479402,3.23
1,32139.0,0.2330706,3.23
1,19870.0,0.3769832,3.23
2,51319.0,0.1459626,3.23
1,29922.0,0.2503394,3.23
2,31974.0,0.1969769,2.63
1,30921.0,0.2036849,2.63
1,52269.0,0.1522438,3.54
1,31534.0,0.2523508,3.54
1,26532.0,0.2999257,3.54
1,37381.0,0.212879,3.54
2,26840.0,0.296484,3.54
1,42770.0,0.1860563,3.54
1,31941.0,0.2491353,3.54
1,19958.0,0.3665645,3.28
2,40476.0,0.1807465,3.28
1,30078.0,0.2432308,3.28
1,44618.0,0.2021212,4.03
1,44896.0,0.2008697,4.03
1,13667.0,0.5402453,3.21
1,17313.0,0.4264733,3.21
2,23108.0,0.3195228,3.21
1,12344.0,0.5981475,3.21
1,19368.0,0.3812233,3.21
1,92785.0,0.0726611,2.97
1,27260.0,0.2473171,2.97
1,55700.0,0.1210389,2.97
2,67813.0,0.0994185,2.97
1,39038.0,0.1727,2.97
1,56183.0,0.1199983,2.97
1,44554.0,0.1325565,2.47
2,78250.0,0.0754751,2.47
1,79375.0,0.0744053,2.47
1,40648.0,0.2118363,3.73
1,20360.0,0.4229234,3.73
2,21808.0,0.3948423,3.73
1,21598.0,0.3986814,3.73
2,13509.0,0.5726139,3.42
1,13662.0,0.5662012,3.42
1,7935.0,0.8912867,3.24
1,33333.0,0.2539526,3.63
1,28175.0,0.3004437,3.63
1,19466.0,0.4348608,3.63
2,39234.0,0.2157568,3.63
1,25000.0,0.3386,3.63
1,27896.0,0.3034486,3.63
1,43786.0,0.1625308,2.94
1,96154.0,0.0740122,2.94
2,6897.0,0.7585247,2.53
1,6897.0,0.7585247,2.53
1,21742.0,0.3011075,2.89
2,47885.0,0.1367167,2.89
1,21098.0,0.3102986,2.89
1,16449.0,0.4509033,3.41
1,16790.0,0.4417456,3.41
1,62250.0,0.1539235,4.22
1,7153.0,1.3395413,4.22
1,16875.0,0.5678067,4.22
1,18720.0,0.4555724,3.52
1,19732.0,0.4322073,3.52
1,14207.0,0.6161994,3.68
2,21364.0,0.4097709,3.68
1,20114.0,0.4352364,3.68
2,40868.0,0.1434378,2.37
1,40957.0,0.1431261,2.37
1,19640.0,0.3452474,2.98
2,79018.0,0.0858116,2.98
1,20476.0,0.3311516,2.98
2,17019.0,0.4676193,3.78
1,17019.0,0.4676193,3.78
1,75125.0,0.0916293,2.92
1,68846.0,0.0999862,2.92
1,31250.0,0.2202768,2.92
2,50167.0,0.1372147,2.92
1,51034.0,0.1348836,2.92
1,49045.0,0.1403537,2.92
1,20652.0,0.4507746,4.01
1,20652.0,0.4507746,4.01
1,9921.0,1.0168273,4.77
1,9921.0,1.0168273,4.77
1,26250.0,0.198272,2.18
2,48017.0,0.1436437,2.9
1,48017.0,0.1436437,2.9
1,69318.0,0.0969115,3.24
1,36364.0,0.1847351,3.24
1,21714.0,0.3093722,3.24
2,30464.0,0.220513,3.24
1,77153.0,0.08707,3.24
1,27174.0,0.2472109,3.24
1,25804.0,0.2578841,2.97
2,47273.0,0.1407662,2.97
1,27596.0,0.2411379,2.97
2,6964.0,0.8840971,3.16
1,18750.0,0.3283655,3.16
1,11736.0,0.7244824,3.74
1,22132.0,0.3841734,3.74
2,55536.0,0.1530994,3.74
1,19227.0,0.442218,3.74
1,22283.0,0.3815701,3.74
1,63490.0,0.1209391,3.29
1,32713.0,0.2347208,3.29
1,20393.0,0.3765224,3.29
2,22174.0,0.3462804,3.29
1,33575.0,0.2286946,3.29
1,30115.0,0.25497,3.29
1,20711.0,0.3833137,3.83
1,20711.0,0.3833137,3.83
2,20436.0,0.2689489,2.3
1,20436.0,0.2689489,2.3
2,58114.0,0.0861804,2.29
1,57895.0,0.0865064,2.29
1,37679.0,0.1812744,2.82
1,37969.0,0.1798898,2.82
1,51757.0,0.1319674,2.82
2,52595.0,0.1298647,2.82
1,85781.0,0.0796241,2.82
1,46809.0,0.1459172,2.82
1,38056.0,0.2363412,3.83
1,38056.0,0.2363412,3.83
1,44194.0,0.1225731,2.56
1,23542.0,0.2300993,2.56
1,35759.0,0.2116904,3.94
1,36205.0,0.2090827,3.94
2,34259.0,0.1806162,2.7
1,33333.0,0.1856338,2.7
2,6932.0,0.9423334,2.94
1,21042.0,0.3104389,2.94
1,24028.0,0.2681846,2.69
1,21599.0,0.3591856,3.37
2,16221.0,0.4782719,3.37
1,20507.0,0.3783122,3.37
2,11875.0,0.7347585,3.87
1,11875.0,0.7347585,3.87
2,45833.0,0.1047605,2.28
1,45833.0,0.1047605,2.28
1,28871.0,0.3022134,4.09
1,29395.0,0.2968261,4.09
2,56696.0,0.1012983,2.38
1,55714.0,0.1030837,2.38
1,20077.0,0.4443992,4.08
1,20596.0,0.4332008,4.08
1,15592.0,0.5217974,3.61
2,17833.0,0.4562253,3.61
1,16653.0,0.4885525,3.61
1,31932.0,0.3044457,4.4
2,31484.0,0.3087778,4.4
1,31743.0,0.3062584,4.4
1,10851.0,0.69784,3.22
2,26615.0,0.2845111,3.22
1,11436.0,0.6621425,3.22
1,38250.0,0.2021396,3.22
1,19511.0,0.3661395,2.95
1,23229.0,0.3075358,2.95
2,41994.0,0.1701135,2.95
1,41220.0,0.1733078,2.95
1,60298.0,0.134873,3.32
1,40703.0,0.1998028,3.32
2,53409.0,0.1522697,3.32
1,54735.0,0.1485808,3.32
1,50263.0,0.1601125,3.44
1,37286.0,0.2158379,3.44
1,33036.0,0.243605,3.44
2,61202.0,0.1314946,3.44
1,36000.0,0.2235481,3.44
1,37500.0,0.2146062,3.44
1,27163.0,0.2056175,2.69
1,26250.0,0.2127691,2.69
1,48167.0,0.1159547,2.69
2,26622.0,0.209796,2.69
1,31354.0,0.1781332,2.69
1,105662.0,0.0738573,3.24
1,46970.0,0.1661468,3.24
2,41000.0,0.1903394,3.24
1,47566.0,0.164065,3.24
1,29531.0,0.2489702,3.09
1,17333.0,0.4241816,3.09
1,53214.0,0.1381655,3.09
2,27390.0,0.2684315,3.09
1,26802.0,0.2743205,3.09
1,21932.0,0.3327882,3.59
1,32083.0,0.2274947,3.59
1,17642.0,0.4137122,3.59
2,34355.0,0.2124497,3.59
1,25750.0,0.2834451,3.59
1,34100.0,0.27544,4.12
1,28151.0,0.3336473,4.12
2,24722.0,0.3799249,4.12
1,28932.0,0.3246407,4.12
1,24452.0,0.3012967,3.14
2,56131.0,0.131252,3.14
1,35711.0,0.2063036,3.14
1,15980.0,0.4466589,3.27
1,14792.0,0.4825317,3.27
2,12469.0,0.5724284,3.27
1,15957.0,0.4473027,3.27
2,7256.0,0.7678523,2.31
1,7256.0,0.7678523,2.31
1,42000.0,0.1736734,3.05
1,67750.0,0.1076647,3.05
2,47000.0,0.1551975,3.05
1,48958.0,0.1489906,3.05
1,62589.0,0.0945261,2.5
1,62821.0,0.094177,2.5
1,46583.0,0.1624116,3.25
2,56027.0,0.1350353,3.25
1,46556.0,0.1625058,3.25
1,22411.0,0.2730378,2.58
2,77500.0,0.0789555,2.58
1,100152.0,0.0610976,2.58
2,49844.0,0.1320982,2.69
1,52900.0,0.124467,2.69
1,11792.0,0.5601979,2.77
1,13176.0,0.501355,2.77
2,41923.0,0.1575711,2.77
1,19559.0,0.3377399,2.77
1,37288.0,0.1796517,2.8
1,33171.0,0.2019491,2.8
2,59911.0,0.1118134,2.8
1,39053.0,0.1715323,2.8
1,87734.0,0.063338,2.47
2,60089.0,0.0881091,2.45
1,60089.0,0.0881091,2.45
2,11726.0,0.5270031,2.61
1,10119.0,0.6106966,2.61
1,23625.0,0.3750064,3.76
1,25968.0,0.3411709,3.76
2,40625.0,0.2180807,3.76
1,27180.0,0.3259576,3.76
1,55833.0,0.1319802,3.1
1,33750.0,0.2183363,3.1
1,52850.0,0.1394295,3.1
2,66723.0,0.1104394,3.1
1,52813.0,0.1395272,3.1
1,58333.0,0.1263239,3.1
1,9643.0,0.6175607,2.75
1,22929.0,0.4350809,4.15
2,70286.0,0.141934,4.15
1,23286.0,0.4284107,4.15
2,28000.0,0.2599566,2.97
1,31136.0,0.2337739,2.97
2,32941.0,0.2321664,3.34
1,32941.0,0.2321664,3.34
2,35303.0,0.1845973,2.72
1,35303.0,0.1845973,2.72
1,20300.0,0.4403546,3.83
2,49853.0,0.1793111,3.83
1,23750.0,0.3763873,3.83
2,12440.0,0.5331665,2.84
1,11071.0,0.5990959,2.84
1,40724.0,0.1312423,2.61
2,30789.0,0.1735916,2.61
1,30592.0,0.1747095,2.61
1,39120.0,0.1841577,3.57
1,47697.0,0.1695166,3.41
1,51310.0,0.1575801,3.41
1,32204.0,0.2510692,3.41
2,47708.0,0.1694775,3.41
1,55750.0,0.1450302,3.41
1,46629.0,0.1733993,3.41
1,20219.0,0.4788093,4.33
1,19103.0,0.5067815,4.33
1,11484.0,0.7030793,3.47
1,32750.0,0.2465393,3.47
1,13907.0,0.5805826,3.47
1,17320.0,0.4661757,3.47
2,26745.0,0.3018943,3.47
1,35391.0,0.2281417,3.47
1,19550.0,0.4130006,3.47
1,13633.0,0.4293601,2.51
2,50192.0,0.1166215,2.51
1,18984.0,0.3083368,2.51
2,119342.0,0.0495468,2.53
1,66000.0,0.0895911,2.53
2,35294.0,0.1917327,2.73
1,33594.0,0.2014351,2.73
1,8043.0,1.0618538,3.93
1,9348.0,0.9136169,3.93
1,19180.0,0.4953929,4.21
1,18472.0,0.5143804,4.21
1,39709.0,0.2392816,4.21
2,36694.0,0.2589425,4.21
1,37733.0,0.2518123,4.21
1,68350.0,0.1454739,4.13
1,68350.0,0.1454739,4.13
1,37014.0,0.2018035,3.25
1,16343.0,0.4570493,3.25
1,26563.0,0.2812015,3.25
2,67725.0,0.1102924,3.25
1,35764.0,0.2088568,3.25
2,14125.0,0.4883671,3.1
1,14125.0,0.4883671,3.1
1,11094.0,0.6516961,3.26
2,72813.0,0.0992943,3.26
1,12188.0,0.5931996,3.26
1,25058.0,0.2076998,2.49
1,19792.0,0.3328059,3.17
1,52857.0,0.1246173,3.17
1,18516.0,0.3557407,3.17
2,41923.0,0.1571189,3.17
1,9813.0,0.6712417,3.17
1,27743.0,0.2374255,3.17
1,22960.0,0.339369,3.57
1,23816.0,0.3271714,3.57
1,8321.0,0.9364155,3.57
2,16302.0,0.4779728,3.57
1,16354.0,0.4764531,3.57
2,3804.0,1.656932,3.19
1,4130.0,1.5261427,3.19
1,30268.0,0.260807,3.68
1,22500.0,0.3508492,3.68
1,15978.0,0.494061,3.68
2,19276.0,0.4095303,3.68
1,20084.0,0.3930545,3.68
1,27688.0,0.2730916,3.38
1,14434.0,0.5238576,3.38
1,14788.0,0.5113173,3.38
2,37645.0,0.1727559,2.8
1,38750.0,0.1678295,2.8
2,35341.0,0.1345747,2.17
1,29219.0,0.1627709,2.17
1,38258.0,0.1762778,2.94
2,38269.0,0.1762271,2.94
1,37826.0,0.178291,2.94
1,64398.0,0.1018566,2.94
1,37741.0,0.1737994,2.94
2,28429.0,0.2307278,2.94
1,52656.0,0.1245701,2.94
1,30450.0,0.2154142,2.94
1,12500.0,0.5460104,3.27
1,43199.0,0.1579928,3.27
2,12473.0,0.5471923,3.27
1,15117.0,0.4514871,3.27
2,23654.0,0.2633614,2.68
1,23654.0,0.2633614,2.68
1,13393.0,0.6263965,3.84
2,26010.0,0.3225424,3.84
1,14330.0,0.5854381,3.84
1,33426.0,0.1873595,2.8
2,32292.0,0.193939,2.8
1,31042.0,0.2017486,2.8
1,18681.0,0.4273836,3.53
2,26792.0,0.2979977,3.53
1,25208.0,0.316723,3.53
1,49223.0,0.1332123,2.9
1,14271.0,0.4594709,2.9
1,25357.0,0.2585917,2.9
2,50946.0,0.128707,2.9
1,44054.0,0.1488425,2.9
1,20974.0,0.4278523,4.23
1,20699.0,0.4335366,4.23
1,15568.0,0.3920696,2.55
1,43636.0,0.1585224,3.16
1,19840.0,0.3486533,3.16
2,23841.0,0.2901423,3.16
1,35000.0,0.1976366,3.16
1,23286.0,0.2970575,3.16
1,83659.0,0.0891386,3.25
1,53750.0,0.1387394,3.25
1,22102.0,0.3374014,3.25
2,32339.0,0.230596,3.25
1,35324.0,0.2111099,3.25
2,47708.0,0.1202993,2.4
1,47708.0,0.1202993,2.4
1,73306.0,0.0906913,2.86
1,33900.0,0.1961126,2.86
2,68889.0,0.0965062,2.86
1,34550.0,0.1924231,2.86
1,13984.0,0.5133826,3.2
1,22964.0,0.3126259,3.2
2,24051.0,0.2984966,3.2
1,45441.0,0.1579882,3.2
1,23350.0,0.3074579,3.2
1,6685.0,1.1582804,3.65
1,6685.0,1.1582804,3.65
1,19706.0,0.3184048,2.88
2,22847.0,0.2746305,2.88
1,22844.0,0.2746666,2.88
1,10893.0,0.7362601,3.46
1,26583.0,0.3016996,3.46
1,25748.0,0.3114837,3.46
1,20028.0,0.4004434,3.46
1,48698.0,0.1646902,3.46
2,40201.0,0.1994995,3.46
1,38841.0,0.2064849,3.46
1,62019.0,0.1293165,3.46
1,24600.0,0.3260196,3.46
2,90224.0,0.0722494,2.8
1,69079.0,0.0943648,2.8
1,23438.0,0.2890832,2.86
2,39214.0,0.1727835,2.86
1,39456.0,0.1717238,2.86
2,85192.0,0.0694351,2.57
1,80982.0,0.0730448,2.57
1,8952.0,0.8929986,3.44
1,39401.0,0.2028914,3.44
1,22789.0,0.3507887,3.44
1,19267.0,0.4149127,3.44
1,26528.0,0.3013466,3.44
2,41857.0,0.1909865,3.44
1,30929.0,0.2584669,3.44
1,30852.0,0.259112,3.44
1,22745.0,0.3514673,3.44
1,22618.0,0.3831842,3.91
2,27763.0,0.312173,3.91
1,17963.0,0.482484,3.91
1,63882.0,0.0903262,2.45
2,72778.0,0.0792852,2.45
1,70000.0,0.0824317,2.45
2,51705.0,0.116675,2.68
1,51364.0,0.1174496,2.68
1,16768.0,0.3836163,2.71
2,21908.0,0.2936132,2.71
1,30469.0,0.2111155,2.71
2,105114.0,0.0569119,2.5
1,105114.0,0.0569119,2.5
1,33750.0,0.2666473,4.04
1,38214.0,0.2354987,4.04
2,16691.0,0.4661458,3.24
1,17243.0,0.4512231,3.24
2,26250.0,0.2973234,3.25
1,26250.0,0.2973234,3.25
1,6944.0,1.0177991,3.34
2,6823.0,1.1552388,3.25
1,17656.0,0.4464315,3.25
1,19207.0,0.4903146,4.06
1,20362.0,0.4625023,4.06
2,11765.0,0.8004651,4.06
1,19886.0,0.473573,4.06
1,56413.0,0.1361838,3.31
2,31204.0,0.2462037,3.31
1,33472.0,0.2295214,3.31
1,38289.0,0.2396216,4.18
1,17820.0,0.5148636,4.18
2,39973.0,0.2295267,4.18
1,20768.0,0.4417792,4.18
2,18149.0,0.3778457,2.99
1,18846.0,0.3638715,2.99
1,6786.0,1.1469441,3.54
1,6786.0,1.1469441,3.54
2,70052.0,0.0951498,2.71
1,62188.0,0.107182,2.71
1,48625.0,0.1341492,2.66
2,76127.0,0.0856858,2.66
1,75635.0,0.0862432,2.66
1,27656.0,0.3370967,4.41
1,27760.0,0.2525945,3.17
1,42984.0,0.163131,3.17
1,23828.0,0.2942767,3.17
2,29436.0,0.2382125,3.17
1,22250.0,0.3151472,3.17
1,29524.0,0.2375025,3.17
2,23542.0,0.4254606,4.27
1,11667.0,0.8585064,4.27
1,14591.0,0.4233457,2.87
2,12813.0,0.4820914,2.87
1,14190.0,0.4353091,2.87
1,15521.0,0.477958,3.4
1,14286.0,0.5192766,3.4
2,39583.0,0.1874134,3.4
1,112228.0,0.066101,3.4
1,25352.0,0.2926154,3.4
2,102538.0,0.0608467,2.52
1,102538.0,0.0608467,2.52
2,35554.0,0.1591571,2.7
1,35750.0,0.1582845,2.7
1,34438.0,0.1912934,2.85
1,80197.0,0.0821447,2.85
1,28306.0,0.2327337,2.85
2,37941.0,0.1736317,2.85
1,31418.0,0.2096811,2.85
1,24250.0,0.2889151,3.21
2,30554.0,0.2293052,3.21
1,30159.0,0.2323084,3.21
2,70227.0,0.0774442,2.63
1,71705.0,0.0758479,2.63
1,5536.0,1.3440007,3.26
2,8199.0,0.8726073,3.54
1,8199.0,0.8726073,3.54
1,90852.0,0.0880527,3.36
2,43750.0,0.1828517,3.36
1,50357.0,0.158861,3.36
1,25198.0,0.3639301,3.94
1,25000.0,0.3668125,3.94
1,15967.0,0.3746455,2.71
1,2500.0,1.6949865,2.04
1,15841.0,0.663586,4.74
1,16154.0,0.6507284,4.74
2,23295.0,0.2727658,2.81
1,22614.0,0.2809798,2.81
1,53508.0,0.1616945,3.76
2,8917.0,0.970276,3.76
1,9333.0,0.9270279,3.76
2,48083.0,0.1109164,2.35
1,48750.0,0.1093988,2.35
1,37594.0,0.2114364,3.25
1,28924.0,0.2748147,3.25
1,12141.0,0.8350895,4.41
1,12447.0,0.8145595,4.41
1,32102.0,0.2464413,3.37
1,13886.0,0.6289223,4.1
1,13886.0,0.6289223,4.1
1,11875.0,0.605546,3.18
1,58804.0,0.1222852,3.18
1,45089.0,0.1594814,3.18
2,32540.0,0.2209852,3.18
1,34113.0,0.2107953,3.18
1,21111.0,0.3318352,2.99
1,55134.0,0.1270608,2.99
2,94318.0,0.074274,2.99
1,52266.0,0.1340331,2.99
1,32500.0,0.2214219,3.06
2,70016.0,0.1027795,3.06
1,52563.0,0.1369064,3.06
1,17258.0,0.441622,3.51
1,15743.0,0.4841207,3.51
1,19162.0,0.397741,3.51
2,13044.0,0.5842926,3.51
1,17202.0,0.4430597,3.51
1,14904.0,0.4661633,2.96
1,14904.0,0.4661633,2.96
1,14545.0,0.615474,3.66
1,53295.0,0.167972,3.66
1,15625.0,0.5729325,3.66
2,53594.0,0.1162695,2.67
1,53594.0,0.1162695,2.67
1,70208.0,0.0892059,2.67
1,36801.0,0.1701847,2.67
2,78250.0,0.0800379,2.67
1,46563.0,0.1345052,2.67
1,59444.0,0.1275693,3.23
1,51316.0,0.1477751,3.23
1,36326.0,0.2087549,3.23
2,75833.0,0.0999991,3.23
1,43322.0,0.1750434,3.23
1,15962.0,0.5791449,4.02
2,45865.0,0.2015548,4.02
1,26099.0,0.3542017,4.02
2,108464.0,0.0670249,2.93
1,108821.0,0.066805,2.93
2,51635.0,0.121033,2.61
1,51635.0,0.121033,2.61
1,45688.0,0.1458291,2.78
1,31574.0,0.2238876,2.97
1,29219.0,0.2419326,2.97
1,48229.0,0.1465721,2.97
2,65469.0,0.1079752,2.97
1,99583.0,0.0709863,2.97
1,60982.0,0.1159199,2.97
1,14716.0,0.506835,3.34
1,30417.0,0.245211,3.34
1,12679.0,0.5882628,3.34
1,21810.0,0.34198,3.34
1,20893.0,0.3569896,3.34
2,31672.0,0.2354946,3.34
1,5354.0,1.3930864,3.34
1,23604.0,0.3159882,3.34
2,10750.0,0.6867764,3.55
1,6685.0,1.1043899,3.55
1,46339.0,0.1582898,3.05
1,33346.0,0.2199661,3.05
2,45608.0,0.1608268,3.05
1,39000.0,0.1880767,3.05
2,26250.0,0.2521735,2.94
1,20313.0,0.3258777,2.94
1,24271.0,0.2598685,2.61
1,24271.0,0.2598685,2.61
1,42308.0,0.2193488,4.01
1,13452.0,0.6898758,4.01
1,21946.0,0.4228657,4.01
2,21250.0,0.4367158,4.01
1,22232.0,0.4174258,4.01
2,45313.0,0.0988501,2.07
1,45313.0,0.0988501,2.07
1,77672.0,0.106319,3.61
1,30985.0,0.2665164,3.61
2,35391.0,0.2333365,3.61
1,31338.0,0.2635143,3.61
2,69400.0,0.1089588,3.15
1,73011.0,0.1035699,3.15
1,27155.0,0.2866959,3.25
1,22289.0,0.3492856,3.25
2,103077.0,0.0755283,3.25
1,32019.0,0.243144,3.25
1,58026.0,0.1015483,2.64
1,18190.0,0.3239386,2.64
2,29632.0,0.198854,2.64
1,23468.0,0.2510841,2.64
1,94236.0,0.0888507,3.58
2,70464.0,0.1188257,3.58
1,70911.0,0.1180766,3.58
1,13077.0,0.5273269,2.85
1,19632.0,0.3512558,2.85
2,58352.0,0.1181768,2.85
1,42151.0,0.1635988,2.85
1,33565.0,0.2647843,3.86
1,30271.0,0.2935974,3.86
1,21763.0,0.408376,3.86
2,34709.0,0.2560571,3.86
1,42679.0,0.2082403,3.86
1,37153.0,0.2392131,3.86
1,28642.0,0.3102956,3.86
1,46395.0,0.1681495,3.47
1,23234.0,0.3357707,3.47
2,55446.0,0.1407008,3.47
1,30912.0,0.2523712,3.47
2,60208.0,0.1334158,3.54
1,43750.0,0.1836045,3.54
2,42875.0,0.1432348,2.66
1,43188.0,0.1421968,2.66
2,14688.0,0.4638555,3.02
1,83333.0,0.0817576,3.02
2,16250.0,0.347672,2.52
1,19722.0,0.2864654,2.52
1,66722.0,0.119845,3.47
2,78095.0,0.1184371,4.15
1,16080.0,0.5752081,4.15
2,46000.0,0.1474131,2.96
1,46000.0,0.1474131,2.96
1,112788.0,0.0575179,2.81
1,24120.0,0.2689604,2.81
1,26291.0,0.2467508,2.81
2,69250.0,0.0936798,2.81
1,35348.0,0.1835273,2.81
2,53214.0,0.1444801,3.36
1,53214.0,0.1444801,3.36
1,30556.0,0.2603098,3.41
1,36058.0,0.2205898,3.41
1,35579.0,0.2235596,3.41
2,37604.0,0.2115207,3.41
1,35841.0,0.2219253,3.41
1,16210.0,0.6092725,4.69
2,8516.0,1.1597356,4.69
1,15444.0,0.6394916,4.69
2,18413.0,0.305499,2.55
1,18413.0,0.305499,2.55
1,42097.0,0.1568798,2.87
1,23514.0,0.2808612,2.87
2,37019.0,0.1783995,2.87
1,48359.0,0.1365655,2.87
1,32262.0,0.2047043,2.87
1,15234.0,0.4975417,3.58
1,21635.0,0.3503374,3.58
1,20451.0,0.37062,3.58
2,15625.0,0.4850912,3.58
1,24766.0,0.3060466,3.58
1,20000.0,0.3789775,3.58
2,33203.0,0.2187313,3.22
1,12800.0,0.5673856,3.22
2,43355.0,0.1726983,3.2
1,43355.0,0.1726983,3.2
1,95300.0,0.0869102,3.64
1,16354.0,0.5064536,3.64
1,32245.0,0.2568629,3.64
2,41406.0,0.2000324,3.64
1,37934.0,0.2183409,3.64
2,47632.0,0.110808,2.24
1,29545.0,0.178643,2.24
1,11091.0,0.6239269,3.09
2,82568.0,0.0838094,3.09
1,15909.0,0.4349722,3.09
1,44861.0,0.1408139,2.65
1,32222.0,0.1960478,2.65
2,93214.0,0.0677693,2.65
1,81111.0,0.0778816,2.65
2,32847.0,0.1607332,2.61
1,32847.0,0.1607332,2.61
1,15625.0,0.5984918,4.72
1,38468.0,0.1864404,3.07
2,48750.0,0.1471178,3.07
1,38911.0,0.1843178,3.07
1,31728.0,0.295067,3.84
2,36500.0,0.25649,3.84
1,35268.0,0.2654499,3.84
1,26102.0,0.2127097,2.57
2,30371.0,0.1828109,2.57
1,28319.0,0.1960574,2.57
2,40625.0,0.1857417,3.53
1,9565.0,0.7888924,3.53
2,24605.0,0.3561028,3.74
1,48750.0,0.1797315,3.74
1,16824.0,0.3999175,3.18
1,17213.0,0.3908797,3.18
1,14769.0,0.4840196,3.28
1,16852.0,0.4241921,3.28
1,30625.0,0.2334199,3.28
2,33980.0,0.2103733,3.28
1,27479.0,0.2601436,3.28
2,9597.0,0.6579062,3.09
1,9597.0,0.6579062,3.09
1,30363.0,0.3046536,3.81
1,30363.0,0.3046536,3.81
2,56429.0,0.1104754,2.6
1,56143.0,0.1110382,2.6
1,38768.0,0.2457439,4.01
1,28387.0,0.3356114,4.01
1,34609.0,0.2752752,4.01
2,43304.0,0.2200028,4.01
1,34922.0,0.272808,4.01
1,81364.0,0.0862509,2.99
1,21921.0,0.3201366,2.99
1,22740.0,0.3086066,2.99
2,55566.0,0.1262951,2.99
1,9290.0,0.7554052,2.99
1,38639.0,0.1816226,2.99
2,48083.0,0.154499,3.13
1,95259.0,0.077985,3.13
1,17300.0,0.5523732,4.1
2,59911.0,0.1595042,4.1
1,49280.0,0.1939135,4.1
2,79375.0,0.0727145,2.37
1,79154.0,0.0729175,2.37
1,63397.0,0.1346883,3.6
2,39423.0,0.2165953,3.6
1,49107.0,0.1738822,3.6
1,32500.0,0.213258,3.01
2,13681.0,0.5066066,3.01
1,12250.0,0.5657865,3.01
2,22417.0,0.3562954,3.56
1,14653.0,0.5450811,3.56
1,6250.0,1.1707007,3.29
1,22186.0,0.3297971,3.29
1,21677.0,0.3375411,3.29
1,20783.0,0.3520608,3.29
1,16985.0,0.4307848,3.29
2,48750.0,0.1500898,3.29
1,19219.0,0.3807107,3.29
1,16713.0,0.4377957,3.29
1,23292.0,0.314137,3.29
1,18406.0,0.3568779,2.95
2,32303.0,0.2033462,2.95
1,31447.0,0.2088814,2.95
1,10708.0,0.766051,3.77
1,10708.0,0.766051,3.77
2,15893.0,0.4222751,2.82
1,15491.0,0.4332334,2.82
1,20850.0,0.353852,3.16
2,49917.0,0.1478016,3.16
1,23060.0,0.3199399,3.16
1,57130.0,0.1188177,3.24
1,21875.0,0.310311,3.24
1,21925.0,0.3096034,3.24
1,93287.0,0.0727653,3.24
2,37900.0,0.1791043,3.24
1,24766.0,0.2740876,3.24
1,32115.0,0.2113671,3.24
1,20160.0,0.3290917,3.02
2,17117.0,0.3875964,3.02
1,17157.0,0.3866928,3.02
2,56912.0,0.1105195,2.64
1,56618.0,0.1110934,2.64
1,56696.0,0.1436194,3.45
2,73125.0,0.1113524,3.45
1,56295.0,0.1446425,3.45
1,24758.0,0.3225579,3.55
2,22250.0,0.3589163,3.55
1,23351.0,0.3419934,3.55
1,16875.0,0.4874734,3.55
1,40263.0,0.2043095,3.55
1,28172.0,0.2919961,3.55
2,37938.0,0.2168304,3.55
1,33399.0,0.2462982,3.55
1,13696.0,0.6668102,4.26
1,13261.0,0.6886836,4.26
1,56944.0,0.1388562,3.36
1,73007.0,0.108305,3.36
1,29509.0,0.267953,3.36
2,46099.0,0.1715227,3.36
1,80163.0,0.0986369,3.36
1,41156.0,0.1921233,3.36
1,23516.0,0.2903719,2.98
2,35563.0,0.1920082,2.98
1,37273.0,0.1831993,2.98
1,35121.0,0.1944246,2.98
1,19688.0,0.3340783,2.81
2,41629.0,0.1579988,2.81
1,41674.0,0.1578282,2.81
1,81458.0,0.0841406,2.88
2,78722.0,0.0864871,2.84
1,78722.0,0.0864871,2.84
1,22917.0,0.3598817,3.79
1,22917.0,0.3598817,3.79
2,66912.0,0.1308841,3.67
1,66250.0,0.132192,3.67
1,12417.0,0.4711561,2.66
2,21241.0,0.275427,2.66
1,9458.0,0.6185605,2.66
1,20000.0,0.2925172,2.66
1,55167.0,0.1541454,3.74
1,19922.0,0.4268518,3.74
1,25022.0,0.3398506,3.74
2,43682.0,0.1946738,3.74
1,24861.0,0.3420515,3.74
1,26899.0,0.316136,3.74
1,34861.0,0.1658797,2.59
2,42757.0,0.1352464,2.59
1,36908.0,0.1566796,2.59
1,70458.0,0.1050104,3.21
1,60446.0,0.1224039,3.21
2,62396.0,0.1185785,3.21
1,61375.0,0.1205511,3.21
1,9259.0,1.0473687,4.49
1,9259.0,1.0473687,4.49
1,48235.0,0.1804104,3.67
2,35924.0,0.2422363,3.67
1,36467.0,0.2386294,3.67
1,33851.0,0.1999273,2.85
2,35887.0,0.1885847,2.85
1,33446.0,0.2023482,2.85
1,6474.0,0.987815,2.74
1,20197.0,0.3166368,2.74
1,17051.0,0.375058,2.74
2,41250.0,0.1550331,2.74
1,13958.0,0.4581684,2.74
1,20987.0,0.3047179,2.74
1,58281.0,0.1463245,3.69
1,22500.0,0.3790196,3.69
1,20449.0,0.4170346,3.69
2,37906.0,0.224976,3.69
1,24375.0,0.3498642,3.69
1,23789.0,0.3584825,3.69
1,59386.0,0.1057514,2.68
1,60844.0,0.1032173,2.68
1,40679.0,0.1543832,2.68
2,84523.0,0.0743011,2.68
1,24688.0,0.2543808,2.68
1,62246.0,0.1008925,2.68
2,25069.0,0.2700503,2.95
1,12656.0,0.5349155,2.95
1,24980.0,0.2710124,2.95
1,35525.0,0.2610845,3.96
1,23161.0,0.4004588,3.96
1,24959.0,0.3716105,3.96
1,16944.0,0.4502362,3.46
1,22361.0,0.3411655,3.46
1,16368.0,0.4660803,3.46
2,19620.0,0.3888278,3.46
1,18098.0,0.4215273,3.46
1,15000.0,0.5603832,3.81
1,15000.0,0.5603832,3.81
1,19338.0,0.480633,4.09
1,18636.0,0.498738,4.09
1,34306.0,0.2191056,3.22
1,11902.0,0.6315441,3.22
1,23785.0,0.3160243,3.22
2,38799.0,0.1937328,3.22
1,50750.0,0.1481111,3.22
1,25884.0,0.2903971,3.22
1,20417.0,0.3899797,3.63
2,28000.0,0.2843648,3.63
1,23750.0,0.3352512,3.63
2,14813.0,0.4821191,3.31
1,28384.0,0.2516076,3.31
2,78026.0,0.08539,2.78
1,78026.0,0.08539,2.78
2,93262.0,0.0705222,2.72
1,93262.0,0.0705222,2.72
2,94063.0,0.0597232,2.35
1,94063.0,0.0597232,2.35
1,9243.0,0.9724459,3.89
1,16250.0,0.5531272,3.89
1,20230.0,0.4443063,3.89
2,39135.0,0.2296746,3.89
1,21316.0,0.42167,3.89
1,59375.0,0.1088707,2.81
1,41702.0,0.1550093,2.81
2,39464.0,0.1637999,2.81
1,40667.0,0.1589544,2.81
2,61607.0,0.1434988,3.62
1,65909.0,0.1341324,3.62
1,25192.0,0.3821421,4.06
1,30332.0,0.3173851,4.06
1,84583.0,0.0843693,3.02
2,54559.0,0.130798,3.02
1,59293.0,0.120355,3.02
2,30982.0,0.2144529,2.94
1,30982.0,0.2144529,2.94
2,21852.0,0.3271389,2.98
1,21852.0,0.3271389,2.98
1,27396.0,0.2470565,3.09
1,41550.0,0.1628968,3.09
1,25167.0,0.2689379,3.09
2,22042.0,0.3070666,3.09
1,31000.0,0.2183342,3.09
1,11767.0,0.574525,3.23
1,11767.0,0.574525,3.23
2,117167.0,0.042017,2.24
1,115583.0,0.0425928,2.24
1,32036.0,0.2455648,3.49
1,33177.0,0.2371195,3.49
1,36944.0,0.2129416,3.49
2,45156.0,0.1742164,3.49
1,26544.0,0.2963726,3.49
1,32326.0,0.2433618,3.49
1,13611.0,0.5554707,3.29
1,15104.0,0.5005636,3.29
2,57647.0,0.147562,3.65
1,29250.0,0.2908207,3.65
1,37473.0,0.2083153,3.32
1,22273.0,0.3504781,3.32
2,53750.0,0.1452316,3.32
1,36726.0,0.2125524,3.32
1,26250.0,0.2566485,3.04
2,52949.0,0.1272361,3.04
1,41304.0,0.1631083,3.04
1,16382.0,0.5084348,3.72
1,16382.0,0.5084348,3.72
1,45156.0,0.1392284,2.65
1,26699.0,0.235477,2.65
2,70125.0,0.0896542,2.65
1,44545.0,0.1411382,2.65
1,54271.0,0.1238669,2.9
1,35506.0,0.1893308,2.9
1,41500.0,0.1619851,2.9
2,65592.0,0.1024878,2.9
1,44593.0,0.1507497,2.9
1,11625.0,0.4554752,2.38
2,42039.0,0.1259521,2.38
1,41445.0,0.1277572,2.38
2,42308.0,0.1770424,3.3
1,22244.0,0.336734,3.3
2,4205.0,1.3070725,2.3
1,4205.0,1.3070725,2.3
1,5250.0,0.9712125,2.35
2,15969.0,0.3450243,2.34
1,15969.0,0.3450243,2.34
1,22153.0,0.4194301,4.0
1,29619.0,0.3137053,4.0
1,24527.0,0.378833,4.0
2,35581.0,0.2611404,4.0
1,26126.0,0.3556471,4.0
1,11583.0,0.7816683,4.03
1,11583.0,0.7816683,4.03
1,22853.0,0.3388135,3.34
2,34830.0,0.2223056,3.34
1,23071.0,0.335612,3.34
1,18588.0,0.4501191,3.83
2,19322.0,0.4330201,3.83
1,46688.0,0.179207,3.83
1,19599.0,0.4269001,3.83
1,107381.0,0.0809612,3.9
2,28242.0,0.2001493,2.65
1,27042.0,0.209031,2.65
1,41385.0,0.1511279,2.91
2,47344.0,0.132106,2.91
1,43672.0,0.1432137,2.91
1,18871.0,0.3651266,3.04
2,50250.0,0.1371205,3.04
1,19315.0,0.3567333,3.04
1,26071.0,0.2748297,3.13
1,25670.0,0.279123,3.13
2,23533.0,0.3044697,3.13
1,24154.0,0.2966418,3.13
2,8750.0,0.6335497,2.89
1,8750.0,0.6335497,2.89
1,39018.0,0.1472245,2.69
1,11204.0,0.6322354,3.44
2,33125.0,0.2138435,3.44
1,17039.0,0.4157266,3.44
2,39050.0,0.215847,3.71
1,39171.0,0.2151803,3.71
1,60536.0,0.1179268,3.14
1,34583.0,0.2064257,3.14
1,23504.0,0.3037278,3.14
2,35472.0,0.2012522,3.14
1,9966.0,0.7163173,3.14
1,27899.0,0.2558808,3.14
1,34038.0,0.2260976,3.25
1,48696.0,0.1580399,3.25
1,38491.0,0.1999405,3.25
2,52679.0,0.1460907,3.25
1,45667.0,0.1685224,3.25
1,46179.0,0.1666539,3.25
2,51875.0,0.1263455,2.71
1,46250.0,0.1417118,2.71
2,51719.0,0.1189571,2.57
1,51719.0,0.1189571,2.57
1,39635.0,0.1749128,2.85
1,16587.0,0.417958,2.85
1,24402.0,0.2841025,2.85
2,46836.0,0.1480201,2.85
1,42500.0,0.1631216,2.85
1,37212.0,0.2000186,3.47
2,82717.0,0.0899826,3.47
1,59375.0,0.1253574,3.47
1,7132.0,0.9218627,2.72
1,55301.0,0.1188898,2.72
2,54028.0,0.1216911,2.72
1,46667.0,0.140886,2.72
1,55000.0,0.1195404,2.72
1,3849.0,1.6891366,2.95
2,25254.0,0.2574438,2.95
1,23333.0,0.2786391,2.95
1,25361.0,0.2031362,2.52
1,11621.0,0.5679594,2.95
1,24559.0,0.268751,2.95
1,8365.0,0.7890324,2.95
2,17191.0,0.3839367,2.95
1,23852.0,0.2767171,2.95
1,17552.0,0.3760401,2.95
1,36506.0,0.2121871,3.29
1,28659.0,0.2702852,3.29
2,46763.0,0.165646,3.29
1,16611.0,0.4663237,3.29
1,36859.0,0.210155,3.29
1,53681.0,0.1311028,3.01
1,49542.0,0.1420558,3.01
1,26791.0,0.2626901,3.01
2,42073.0,0.1672743,3.01
1,12500.0,0.5630185,3.01
1,42073.0,0.1672743,3.01
1,49792.0,0.1395257,3.16
1,16574.0,0.4191663,3.16
1,21707.0,0.3200471,3.16
2,54145.0,0.1283085,3.16
1,31369.0,0.221469,3.16
2,16516.0,0.4313599,2.97
1,16516.0,0.4313599,2.97
1,23750.0,0.3903773,4.12
2,14643.0,0.6331667,4.12
1,21891.0,0.4235284,4.12
1,12014.0,0.7813942,4.06
1,27047.0,0.3470873,4.06
1,30540.0,0.3073893,4.06
2,31652.0,0.2965901,4.06
1,16354.0,0.574029,4.06
1,30014.0,0.3127764,4.06
1,19342.0,0.4650294,4.32
1,19342.0,0.4650294,4.32
1,14798.0,0.4924216,3.25
1,27156.0,0.2683331,3.25
1,25122.0,0.2900587,3.25
2,40234.0,0.1811119,3.25
1,15694.0,0.4643083,3.25
1,26825.0,0.2716442,3.25
1,39063.0,0.1928423,3.41
1,27344.0,0.27549,3.41
2,22045.0,0.3417101,3.41
1,26307.0,0.2863496,3.41
2,6976.0,1.0622381,3.08
1,7097.0,1.0441275,3.08
2,29032.0,0.2408994,3.22
1,29113.0,0.2402292,3.22
2,31699.0,0.2138565,3.0
1,33125.0,0.2046502,3.0
2,30278.0,0.2718451,3.66
1,31806.0,0.2587853,3.66
2,66083.0,0.1021247,2.79
1,61204.0,0.1102658,2.79
1,42417.0,0.1804706,3.38
2,24550.0,0.3118136,3.38
1,24650.0,0.3105486,3.38
1,10658.0,0.723805,3.44
2,41979.0,0.183766,3.44
1,14551.0,0.5301569,3.44
1,41576.0,0.1945858,3.5
1,30526.0,0.2650232,3.5
1,26863.0,0.3011614,3.5
2,38625.0,0.2094524,3.5
1,68390.0,0.1182936,3.5
1,30383.0,0.2662706,3.5
1,83882.0,0.0758783,2.83
1,32159.0,0.1979172,2.83
2,40363.0,0.1576895,2.83
1,41895.0,0.1519231,2.83
1,12188.0,0.5961864,3.15
1,19053.0,0.381374,3.15
2,59808.0,0.1214941,3.15
1,19735.0,0.3681945,3.15
1,50357.0,0.1340469,2.98
1,25500.0,0.2647137,2.98
2,43695.0,0.1544845,2.98
1,42668.0,0.1582029,2.98
2,82917.0,0.0888882,2.97
1,82917.0,0.0888882,2.97
1,13967.0,0.5466085,3.41
2,40581.0,0.1881295,3.41
1,14859.0,0.5137951,3.41
1,57083.0,0.1350486,3.37
1,50000.0,0.137472,3.07
2,38242.0,0.1797395,3.07
1,38781.0,0.1772414,3.07
2,36458.0,0.2188708,3.37
1,32357.0,0.246611,3.37
1,45521.0,0.1814325,3.52
1,32768.0,0.2520443,3.52
2,56731.0,0.1455816,3.52
1,37339.0,0.2211893,3.52
1,21216.0,0.3376314,3.23
1,15577.0,0.4598567,3.23
2,43400.0,0.1650504,3.23
1,22313.0,0.3210321,3.23
1,27835.0,0.2573446,3.23
1,44000.0,0.1439716,2.78
1,19177.0,0.3303306,2.78
1,32393.0,0.1955592,2.78
2,48264.0,0.1312521,2.78
1,30536.0,0.2074519,2.78
1,42500.0,0.1490529,2.78
2,26250.0,0.2629062,3.06
1,26250.0,0.2629062,3.06
1,67614.0,0.0994487,2.75
2,100917.0,0.0666302,2.75
1,88490.0,0.0759874,2.75
1,32835.0,0.263598,3.6
1,45938.0,0.1938089,3.71
1,36161.0,0.2462098,3.71
2,14196.0,0.6271622,3.71
1,36451.0,0.244251,3.71
1,23000.0,0.4287282,4.2
1,19762.0,0.4989752,4.2
2,36731.0,0.2684585,4.2
1,21464.0,0.4594087,4.2
1,18548.0,0.3779053,3.15
1,26030.0,0.2692811,3.15
1,25762.0,0.2720824,3.15
1,24424.0,0.2869877,3.15
1,21285.0,0.3293111,3.15
2,36797.0,0.190488,3.15
1,34081.0,0.2056685,3.15
1,92750.0,0.0755729,3.15
1,27648.0,0.2535224,3.15
1,39688.0,0.1766389,3.19
2,18929.0,0.3703548,3.19
1,23234.0,0.3017322,3.19
1,32917.0,0.2549731,3.77
1,13839.0,0.6064708,3.77
1,21599.0,0.3885805,3.77
2,40287.0,0.208329,3.77
1,30234.0,0.2775997,3.77
1,22784.0,0.3683703,3.77
1,14063.0,0.4147351,2.78
1,15863.0,0.4276987,3.2
1,75221.0,0.0713603,2.34
2,67143.0,0.0799456,2.34
1,67411.0,0.0796278,2.34
1,44688.0,0.1671791,3.01
1,22750.0,0.387927,3.67
1,22750.0,0.387927,3.67
1,75972.0,0.1104013,3.68
1,19824.0,0.4230935,3.68
1,19990.0,0.4195801,3.68
2,26045.0,0.3220352,3.68
1,21554.0,0.3891345,3.68
1,20758.0,0.4040565,3.68
1,87598.0,0.0838817,3.23
1,26094.0,0.2815922,3.23
2,65326.0,0.11248,3.23
1,57868.0,0.1269763,3.23
1,53421.0,0.1375464,3.23
1,44327.0,0.1499443,2.85
1,27083.0,0.2454152,2.85
2,43182.0,0.1539202,2.85
1,43750.0,0.1519218,2.85
1,39756.0,0.1671843,2.85
1,24967.0,0.2171516,2.48
2,42344.0,0.1280376,2.48
1,38229.0,0.1418197,2.48
1,12260.0,0.5669106,2.9
2,47313.0,0.1469009,2.9
1,35583.0,0.1953271,2.9
1,40599.0,0.1711945,2.9
1,4779.0,1.0515419,2.5
1,15750.0,0.430352,3.25
1,36139.0,0.1875548,3.25
1,25760.0,0.2631228,3.25
1,20295.0,0.3339761,3.25
1,16548.0,0.409599,3.25
2,43979.0,0.15412,3.25
1,35804.0,0.1893097,3.25
1,78623.0,0.0862094,3.25
1,28128.0,0.2409714,3.25
1,61339.0,0.1235383,3.18
1,41406.0,0.1830101,3.18
2,48125.0,0.1574591,3.18
1,49196.0,0.1540312,3.18
1,28715.0,0.3263999,4.16
1,28715.0,0.3263999,4.16
1,32589.0,0.2292507,3.27
1,39156.0,0.1908022,3.27
1,22564.0,0.3311049,3.27
1,27446.0,0.2722091,3.27
1,26897.0,0.2777652,3.27
2,67545.0,0.1106085,3.27
1,52652.0,0.1418949,3.27
1,34410.0,0.2171186,3.27
1,26413.0,0.285246,3.25
1,17778.0,0.4237935,3.25
2,91250.0,0.0825666,3.25
1,21044.0,0.3580214,3.25
1,9375.0,0.8847982,3.63
1,28654.0,0.2894878,3.63
2,16020.0,0.5177892,3.63
1,16956.0,0.4892064,3.63
1,13125.0,0.6913514,4.23
1,11607.0,0.7817685,4.23
1,42768.0,0.1768139,3.33
1,43281.0,0.1747182,3.33
1,38518.0,0.1963232,3.33
1,25749.0,0.2936805,3.33
1,33393.0,0.226454,3.33
2,55196.0,0.1370023,3.33
1,35349.0,0.2139234,3.33
1,39219.0,0.1928142,3.33
1,34520.0,0.2190608,3.33
1,5694.0,1.5070459,3.94
2,51429.0,0.1668537,3.94
1,33269.0,0.2579314,3.94
1,41696.0,0.1729761,3.07
2,50369.0,0.1431915,3.07
1,48851.0,0.147641,3.07
1,26818.0,0.25913,3.09
1,34566.0,0.2010458,3.09
1,30934.0,0.2246508,3.09
2,34931.0,0.198945,3.09
1,62321.0,0.1115089,3.09
1,32518.0,0.2137077,3.09
1,37321.0,0.2092844,3.29
1,44548.0,0.1753323,3.29
2,49426.0,0.1580282,3.29
1,44920.0,0.1738803,3.29
1,30288.0,0.1843178,2.52
2,34167.0,0.1633921,2.52
1,32721.0,0.1706126,2.52
1,95769.0,0.0714354,3.26
1,34648.0,0.1974515,3.26
1,23245.0,0.2943128,3.26
2,44583.0,0.1534509,3.26
1,23929.0,0.2859,3.26
1,29052.0,0.2354847,3.26
1,38295.0,0.1622655,2.51
2,93750.0,0.0662822,2.51
1,52045.0,0.1193959,2.51
1,6528.0,1.2254062,3.3
1,53594.0,0.1198727,2.85
1,41136.0,0.1561761,2.85
1,23854.0,0.2693242,2.85
1,19886.0,0.3230644,2.85
2,67237.0,0.0955495,2.85
1,105238.0,0.061047,2.85
1,52008.0,0.1235283,2.85
1,40093.0,0.1705915,3.26
2,70341.0,0.0788592,2.57
1,72386.0,0.0766314,2.57
1,40093.0,0.1705915,3.26
1,19615.0,0.3505683,3.17
1,23275.0,0.2954414,3.17
1,13750.0,0.5001016,3.17
2,48000.0,0.1432583,3.17
1,20639.0,0.3331749,3.17
2,41875.0,0.1453003,2.88
1,41875.0,0.1453003,2.88
1,46174.0,0.138856,2.85
1,24527.0,0.2614073,2.85
2,70625.0,0.0907828,2.85
1,39186.0,0.1636181,2.85
1,102628.0,0.059825,2.66
1,55395.0,0.1108352,2.66
2,66696.0,0.0920552,2.66
1,69265.0,0.088641,2.66
1,67540.0,0.0909049,2.66
1,12461.0,0.6560254,3.84
2,40795.0,0.2003857,3.84
1,15840.0,0.5160816,3.84
1,33125.0,0.2879728,4.17
1,22292.0,0.4279158,4.17
1,24582.0,0.3880522,4.17
2,36983.0,0.257932,4.17
1,22417.0,0.4255297,4.17
1,26610.0,0.358478,4.17
1,22273.0,0.3020544,2.97
2,30938.0,0.2174561,2.97
1,26801.0,0.2510226,2.97
1,37117.0,0.1932906,3.12
1,11941.0,0.6008179,3.12
1,40606.0,0.1766824,3.12
2,60000.0,0.1195728,3.12
1,33080.0,0.2168793,3.12
1,39922.0,0.1797096,3.12
1,52130.0,0.1439824,3.15
1,29917.0,0.2508876,3.15
1,27989.0,0.2681698,3.15
2,51307.0,0.146292,3.15
1,44427.0,0.1689469,3.15
1,43557.0,0.1723214,3.15
1,21750.0,0.2679559,2.61
2,39479.0,0.1476238,2.61
1,12167.0,0.4790039,2.61
1,36050.0,0.1616655,2.61
1,33269.0,0.2846602,4.0
2,39886.0,0.2374357,4.0
1,35268.0,0.2685256,4.0
2,11599.0,0.6980205,3.37
1,11599.0,0.6980205,3.37
1,36111.0,0.2251463,3.64
1,35500.0,0.2290213,3.64
1,24327.0,0.3342071,3.64
2,25295.0,0.3214176,3.64
1,67727.0,0.1200445,3.64
1,25147.0,0.3233092,3.64
1,44735.0,0.1434965,2.67
1,29389.0,0.2184258,2.67
1,22171.0,0.2895366,2.67
2,56280.0,0.1140603,2.67
1,49028.0,0.1309316,2.67
1,44631.0,0.1438309,2.67
1,20189.0,0.4208746,3.7
2,34886.0,0.2435658,3.7
1,22099.0,0.3844987,3.7
2,77375.0,0.1241706,3.86
1,19429.0,0.4945029,3.86
1,31000.0,0.2251821,3.14
1,15163.0,0.4603736,3.14
1,25858.0,0.2699608,3.14
2,36091.0,0.1934179,3.14
1,12008.0,0.5813329,3.14
1,32137.0,0.2172152,3.14
2,14500.0,0.3927006,2.36
1,14500.0,0.3927006,2.36
2,54958.0,0.1443724,3.33
1,58060.0,0.136659,3.33
1,37971.0,0.1688726,3.03
2,34470.0,0.1860244,3.03
1,27552.0,0.2327331,3.03
1,32917.0,0.1948009,3.03
2,39934.0,0.1543585,2.69
1,51188.0,0.1204218,2.69
1,115938.0,0.0605721,2.99
2,29085.0,0.2414513,2.99
1,76979.0,0.0912276,2.99
1,26667.0,0.2669575,2.87
2,36977.0,0.1407272,2.16
1,36977.0,0.1407272,2.16
2,36797.0,0.1827251,2.9
1,36172.0,0.1858823,2.9
2,41458.0,0.1459919,2.6
1,39132.0,0.1546696,2.6
1,19286.0,0.3283103,2.62
2,76250.0,0.0739051,2.4
1,28906.0,0.1949515,2.4
1,92125.0,0.0653485,2.5
2,60417.0,0.0996447,2.5
1,87614.0,0.0687132,2.5
1,84732.0,0.0873828,3.34
1,45250.0,0.1636269,3.34
1,26086.0,0.2838349,3.34
2,40099.0,0.1846459,3.34
1,31344.0,0.2362212,3.34
1,34216.0,0.2163934,3.34
1,34653.0,0.1780703,2.65
2,31831.0,0.1938573,2.65
1,33623.0,0.1835253,2.65
1,14348.0,0.6324389,4.47
1,13152.0,0.6899508,4.47
1,15332.0,0.5015823,3.5
2,19545.0,0.3934643,3.5
1,15969.0,0.4815743,3.5
1,3795.0,1.7020196,3.23
1,5585.0,1.15652,3.23
1,13017.0,0.7051287,4.02
2,21282.0,0.4312875,4.02
1,14871.0,0.6172188,4.02
2,102976.0,0.0677686,2.91
1,102976.0,0.0677686,2.91
2,17366.0,0.4607508,3.44
1,17366.0,0.4607508,3.44
2,28750.0,0.192605,2.45
1,28750.0,0.192605,2.45
2,30884.0,0.2517796,3.62
1,24167.0,0.3217595,3.62
2,15323.0,0.4470532,2.98
1,15323.0,0.4470532,2.98
1,66471.0,0.0905582,2.77
2,54375.0,0.1107033,2.77
1,65151.0,0.092393,2.77
1,40208.0,0.202887,3.38
1,40451.0,0.2016682,3.38
2,69917.0,0.1166766,3.38
1,42240.0,0.1931269,3.38
1,44661.0,0.1644038,3.06
1,37969.0,0.1933798,3.06
2,54890.0,0.1337664,3.06
1,35781.0,0.205205,3.06
1,47034.0,0.1561092,3.06
1,15921.0,0.3482017,2.58
2,69632.0,0.0796145,2.58
1,67868.0,0.0816838,2.58
1,16866.0,0.4816807,3.67
2,43750.0,0.185692,3.67
1,20579.0,0.3947727,3.67
2,67784.0,0.1002366,2.91
1,52961.0,0.1282914,2.91
2,56302.0,0.1163815,2.71
1,76635.0,0.0855029,2.71
2,23304.0,0.2285363,2.34
1,23304.0,0.2285363,2.34
1,9176.0,0.5692685,2.29
2,24563.0,0.2126616,2.29
1,24406.0,0.2140296,2.29
2,28375.0,0.1433238,2.02
1,28375.0,0.1433238,2.02
1,12379.0,0.7719975,4.29
1,11048.0,0.8650034,4.29
1,6761.0,1.4222709,4.27
1,29010.0,0.331471,4.27
2,77679.0,0.1237912,4.27
1,28073.0,0.3425346,4.27
1,21796.0,0.4065243,3.8
2,21855.0,0.4054268,3.8
1,21685.0,0.4086052,3.8
1,13678.0,0.4932836,3.0
2,48250.0,0.1398369,3.0
1,20760.0,0.3250064,3.0
1,24509.0,0.379576,3.84
1,24196.0,0.3844862,3.84
1,30703.0,0.2922589,3.97
2,14554.0,0.6165469,3.97
1,16121.0,0.5566171,3.97
1,41250.0,0.1521016,2.62
1,70550.0,0.0889325,2.62
2,61894.0,0.1013699,2.62
1,47951.0,0.1308458,2.62
1,54732.0,0.1146348,2.62
1,66304.0,0.1121901,3.29
1,76051.0,0.0978113,3.29
1,44643.0,0.1666252,3.29
2,55357.0,0.1343759,3.29
1,102778.0,0.0723759,3.29
1,50385.0,0.1476362,3.29
1,63750.0,0.1400619,3.59
1,28750.0,0.3105721,3.59
1,30250.0,0.2951719,3.59
1,41786.0,0.2734983,4.67
1,31741.0,0.3600517,4.67
1,33135.0,0.3449042,4.67
1,32236.0,0.2718025,3.73
2,46447.0,0.1886414,3.73
1,32357.0,0.2707861,3.73
1,33361.0,0.1921746,3.13
1,30673.0,0.2090157,3.13
2,10536.0,0.766139,3.36
2,35865.0,0.1787575,3.13
1,14688.0,0.4364881,3.13
1,31821.0,0.2014751,3.13
1,10536.0,0.766139,3.36
1,30408.0,0.2490185,3.21
2,28750.0,0.2633793,3.21
1,29397.0,0.2575825,3.21
2,28182.0,0.2298603,2.86
1,28712.0,0.2256173,2.86
1,93333.0,0.0891867,3.49
1,14857.0,0.5602789,3.49
2,36797.0,0.2262158,3.49
1,20504.0,0.4059727,3.49
1,90893.0,0.0675183,2.59
1,44286.0,0.1385752,2.59
2,21167.0,0.2899297,2.59
1,42679.0,0.143793,2.59
1,30909.0,0.2433956,3.39
1,29129.0,0.2582689,3.39
1,23110.0,0.3255351,3.39
1,21126.0,0.3561069,3.39
1,22981.0,0.3273624,3.39
2,34758.0,0.2164427,3.39
1,12041.0,0.6247916,3.39
1,24602.0,0.3057928,3.39
1,19013.0,0.4145213,3.5
1,19013.0,0.4145213,3.5
2,28295.0,0.2570252,3.11
1,29318.0,0.2480568,3.11
1,37841.0,0.2022752,3.3
1,28462.0,0.2689304,3.3
1,36587.0,0.2092081,3.3
2,38750.0,0.1975302,3.3
1,33095.0,0.2312826,3.3
1,10139.0,0.7074919,2.92
2,38125.0,0.1881511,2.92
1,10347.0,0.6932696,2.92
1,63344.0,0.1704164,4.63
1,26676.0,0.2774966,3.49
2,80192.0,0.0923097,3.49
1,26729.0,0.2769464,3.49
1,52750.0,0.1299483,3.02
1,33853.0,0.2024865,3.02
1,20393.0,0.3361337,3.02
2,80088.0,0.0855905,3.02
1,41354.0,0.1657584,3.02
1,70870.0,0.075266,2.16
1,9438.0,0.5929211,2.55
2,19788.0,0.2827971,2.55
1,14926.0,0.3749155,2.55
2,65729.0,0.0810685,2.43
1,50694.0,0.1051121,2.43
2,24511.0,0.282532,3.01
1,25083.0,0.2760891,3.01
2,20739.0,0.2792387,2.68
1,21146.0,0.2738641,2.68
2,16818.0,0.4317174,3.33
1,16818.0,0.4317174,3.33
1,114688.0,0.0514095,2.47
1,19786.0,0.3342631,3.01
1,60565.0,0.1459522,4.21
2,29323.0,0.301456,4.21
1,60179.0,0.1468883,4.21
1,30659.0,0.204961,2.84
2,30667.0,0.2049075,2.84
1,30662.0,0.2049409,2.84
2,36528.0,0.1600016,2.72
1,36528.0,0.1600016,2.72
1,32000.0,0.2264538,3.07
1,61189.0,0.1184285,3.07
1,29685.0,0.2441139,3.07
2,40979.0,0.176835,3.07
1,65833.0,0.1100743,3.07
1,35054.0,0.2067245,3.07
1,29500.0,0.2931448,3.5
1,37083.0,0.2332005,3.5
2,87457.0,0.0988803,3.5
1,71307.0,0.1212752,3.5
1,31250.0,0.2461769,3.22
1,35888.0,0.2143621,3.22
2,43911.0,0.1751959,3.22
1,36908.0,0.2084379,3.22
2,36190.0,0.167855,2.62
1,36190.0,0.167855,2.62
1,6837.0,1.143127,3.71
1,6837.0,1.143127,3.71
1,12031.0,0.7815595,4.79
1,12031.0,0.7815595,4.79
2,43125.0,0.18506,3.48
1,16938.0,0.4711722,3.48
1,20500.0,0.3212554,3.02
1,20500.0,0.3212554,3.02
1,43636.0,0.1582996,2.86
1,36724.0,0.1880939,2.86
1,26196.0,0.2636876,2.86
2,62063.0,0.1112992,2.86
1,46500.0,0.1485497,2.86
1,53972.0,0.1279842,2.86
1,31786.0,0.212102,2.72
1,31538.0,0.2137699,2.72
2,14145.0,0.3944374,2.83
1,13750.0,0.4057685,2.83
2,100357.0,0.0750669,3.11
1,54038.0,0.1394109,3.11
1,25833.0,0.272978,3.26
1,19583.0,0.3601001,3.26
2,8417.0,0.7352762,2.5
1,8417.0,0.7352762,2.5
1,42656.0,0.1604727,2.85
1,34847.0,0.1964336,2.85
1,47628.0,0.1437206,2.85
2,49191.0,0.139154,2.85
1,100227.0,0.0682962,2.85
1,46500.0,0.1472069,2.85
1,26400.0,0.2831554,3.3
1,59583.0,0.1254603,3.3
1,24851.0,0.3008049,3.3
2,34023.0,0.2197132,3.3
1,85074.0,0.0878682,3.3
1,31275.0,0.2390185,3.3
1,18393.0,0.5149871,4.05
1,18393.0,0.5149871,4.05
2,42371.0,0.1388239,2.56
1,41839.0,0.1405891,2.56
1,28750.0,0.2739738,3.59
1,21761.0,0.3619662,3.59
2,26154.0,0.301168,3.59
1,40054.0,0.1966532,3.59
1,25991.0,0.3030567,3.59
1,10417.0,0.5193386,2.52
1,10417.0,0.5193386,2.52
1,22083.0,0.3501252,3.36
1,40750.0,0.1897378,3.36
1,20650.0,0.374422,3.36
2,28039.0,0.2757522,3.36
1,23924.0,0.3231824,3.36
1,41321.0,0.1899565,3.36
1,26962.0,0.2911205,3.36
2,55793.0,0.1406842,3.36
1,62841.0,0.1249056,3.36
1,46863.0,0.1674923,3.36
1,30764.0,0.2178622,3.01
2,17440.0,0.384307,3.01
1,17143.0,0.390965,3.01
2,42566.0,0.1374303,2.54
1,39000.0,0.1499964,2.54
1,22889.0,0.2960344,2.97
2,28073.0,0.2413682,2.97
1,23252.0,0.2914128,2.97
1,63981.0,0.127397,3.6
1,36546.0,0.2230337,3.6
1,21341.0,0.3819403,3.6
2,7176.0,1.135868,3.6
1,23929.0,0.3406322,3.6
1,35632.0,0.2287547,3.6
1,20729.0,0.2454294,2.23
1,27604.0,0.1843032,2.23
1,7134.0,1.0953016,3.29
1,34278.0,0.2279562,3.29
1,28529.0,0.2738926,3.29
2,51000.0,0.1532134,3.29
1,49333.0,0.1583906,3.29
1,37595.0,0.2078436,3.29
1,28438.0,0.2394135,2.84
1,69342.0,0.0988737,2.99
1,26364.0,0.2600555,2.99
1,55278.0,0.1240295,2.99
2,40610.0,0.1688279,2.99
1,16875.0,0.4062875,2.99
1,38639.0,0.1774399,2.99
1,55909.0,0.2000399,4.64
1,61495.0,0.1612142,4.35
1,24219.0,0.4093427,4.35
1,25982.0,0.3815669,4.35
1,31231.0,0.2423025,3.24
2,49196.0,0.1538204,3.24
1,31494.0,0.2402791,3.24
1,46250.0,0.1549061,3.22
1,30846.0,0.2322638,3.22
1,22373.0,0.3202257,3.22
1,40244.0,0.1780243,3.22
2,35000.0,0.2046974,3.22
1,27800.0,0.2577126,3.22
1,30697.0,0.2333912,3.22
1,33438.0,0.2108381,3.17
2,46250.0,0.1524325,3.17
1,34500.0,0.2043479,3.17
1,11500.0,0.7556555,4.04
2,41389.0,0.1716486,3.16
1,41389.0,0.1716486,3.16
2,27250.0,0.1648038,2.09
1,27250.0,0.1648038,2.09
2,44375.0,0.1368648,2.58
1,80096.0,0.0758262,2.58
1,31194.0,0.2779624,3.73
1,20963.0,0.4136221,3.73
1,25530.0,0.3396302,3.73
2,23167.0,0.374272,3.73
1,11618.0,0.7463212,3.73
1,22249.0,0.3897146,3.73
1,52151.0,0.1278154,2.74
1,50669.0,0.1315538,2.74
1,41348.0,0.214141,3.83
1,40588.0,0.2181507,3.83
2,49107.0,0.1364142,2.9
1,16000.0,0.4186808,2.9
1,58864.0,0.1309642,3.37
1,14250.0,0.5409878,3.37
1,49010.0,0.157296,3.37
2,39032.0,0.1975066,3.37
1,39718.0,0.1940953,3.37
1,26417.0,0.289749,3.45
1,42386.0,0.1805856,3.45
1,23272.0,0.328906,3.45
2,28202.0,0.2714098,3.45
1,23934.0,0.3198086,3.45
1,33984.0,0.2390686,3.27
1,60665.0,0.1203554,3.53
1,27622.0,0.2643313,3.53
1,25673.0,0.2843983,3.53
2,35217.0,0.2073248,3.53
1,46131.0,0.1582744,3.53
1,31036.0,0.2352545,3.53
1,47361.0,0.1264016,2.57
1,34375.0,0.1741529,2.57
2,78452.0,0.0763079,2.57
1,14750.0,0.4058648,2.57
1,58894.0,0.1016488,2.57
1,15938.0,0.5914619,4.11
1,15938.0,0.5914619,4.11
1,71453.0,0.1167086,3.46
1,58720.0,0.142016,3.46
2,55417.0,0.1504805,3.46
1,66181.0,0.1260056,3.46
1,16346.0,0.5028747,3.84
1,11913.0,0.6900016,3.84
2,6615.0,1.2426288,3.84
1,11875.0,0.6922096,3.84
2,9323.0,0.8218018,3.39
1,38125.0,0.2009615,3.39
1,49095.0,0.1570785,3.45
1,21383.0,0.3606495,3.45
2,48750.0,0.1581901,3.45
1,23486.0,0.3283559,3.45
2,16424.0,0.3069507,2.25
1,16424.0,0.3069507,2.25
1,8472.0,0.8519131,3.28
1,8889.0,0.8119482,3.28
2,16429.0,0.4366023,2.99
1,16429.0,0.4366023,2.99
1,24306.0,0.2978699,3.23
1,30341.0,0.2386219,3.23
1,43403.0,0.1474667,3.01
1,71154.0,0.1245138,3.68
1,82564.0,0.1073065,3.68
1,71635.0,0.1236777,3.68
1,57847.0,0.1409671,3.47
1,37137.0,0.2195794,3.47
1,40625.0,0.2007267,3.47
2,52500.0,0.1553242,3.47
1,41729.0,0.1954162,3.47
1,20508.0,0.309249,2.65
2,19279.0,0.3289631,2.65
1,19705.0,0.3218513,2.65
2,84028.0,0.0666094,2.41
1,84028.0,0.0666094,2.41
1,17857.0,0.5500411,4.31
2,22188.0,0.4426755,4.31
1,21953.0,0.4474142,4.31
1,36625.0,0.1489489,2.53
1,38021.0,0.14348,2.53
1,29787.0,0.3256378,4.07
1,29787.0,0.3256378,4.07
1,46103.0,0.160927,3.25
1,36736.0,0.2019604,3.25
1,18250.0,0.3794699,3.04
1,31063.0,0.2229445,3.04
1,26047.0,0.265878,3.04
2,34412.0,0.2012474,3.04
1,28750.0,0.2408809,3.04
1,33661.0,0.2351292,3.48
1,32635.0,0.2425213,3.48
2,24605.0,0.3085542,3.31
1,23421.0,0.3241525,3.31
2,101591.0,0.0714217,2.95
1,45587.0,0.1591638,2.95
1,24421.0,0.3305404,3.47
1,75481.0,0.1069425,3.47
1,38019.0,0.2123183,3.47
2,53478.0,0.150943,3.47
1,30104.0,0.2681414,3.47
1,29355.0,0.2801529,3.57
1,21429.0,0.3837738,3.57
1,23148.0,0.3552742,3.57
1,11538.0,0.5899472,3.07
1,12452.0,0.546644,3.07
2,26731.0,0.2643679,3.13
1,45781.0,0.1543614,3.13
1,97625.0,0.0542904,2.34
2,43036.0,0.1231549,2.34
1,53462.0,0.0991376,2.34
1,26971.0,0.2679425,3.06
2,56271.0,0.1284263,3.06
1,42273.0,0.1709525,3.06
1,30600.0,0.2361659,3.06
1,11701.0,0.6408301,3.32
2,47880.0,0.1566072,3.32
1,33139.0,0.2262697,3.32
1,16118.0,0.5580651,4.12
2,60536.0,0.1485875,4.12
1,21688.0,0.4147406,4.12
2,10504.0,0.5920753,2.93
1,10282.0,0.6048589,2.93
2,8194.0,0.7251786,2.69
1,8935.0,0.6650379,2.69
1,25662.0,0.3566772,3.91
1,16729.0,0.5471368,3.91
1,21530.0,0.4251301,3.91
1,48390.0,0.1313351,2.99
2,13804.0,0.4603961,2.99
1,12262.0,0.5182929,2.99
2,49886.0,0.1238151,2.58
1,48409.0,0.1275928,2.58
1,32813.0,0.2721162,3.59
1,21903.0,0.3223247,3.04
2,68490.0,0.103079,3.04
1,48583.0,0.1453158,3.04
1,31210.0,0.2237054,3.28
2,46786.0,0.1492294,3.28
1,41250.0,0.1692568,3.28
1,36591.0,0.1908077,3.28
1,40375.0,0.1470119,2.51
2,28553.0,0.2078803,2.51
1,29188.0,0.2033578,2.51
1,14554.0,0.5719337,3.78
2,16852.0,0.4939428,3.78
1,15375.0,0.5413934,3.78
2,9519.0,0.7226798,3.12
1,18304.0,0.3758298,3.12
2,41500.0,0.1732565,2.97
1,41500.0,0.1732565,2.97
2,46500.0,0.157624,3.29
1,36250.0,0.2021936,3.29
1,29650.0,0.2807966,3.35
2,85600.0,0.0972619,3.35
1,41250.0,0.2018332,3.35
1,11750.0,0.6375974,3.36
2,27188.0,0.2755542,3.36
1,16250.0,0.4610319,3.36
1,72750.0,0.0956433,3.12
1,32639.0,0.2131821,3.12
2,34167.0,0.2036483,3.12
1,32798.0,0.2121487,3.12
2,100536.0,0.0659565,2.83
1,101786.0,0.0651465,2.83
1,30625.0,0.2996068,4.22
1,30000.0,0.3058486,4.22
2,39063.0,0.2118716,3.38
1,39063.0,0.2118716,3.38
1,29031.0,0.2443702,2.98
1,44306.0,0.1601208,2.98
2,84107.0,0.0843486,2.98
1,48750.0,0.1455243,2.98
2,36544.0,0.1616332,2.76
1,36544.0,0.1616332,2.76
1,6902.0,0.8001286,2.29
1,20750.0,0.2881564,2.79
2,9962.0,0.6002053,2.79
1,11515.0,0.519257,2.79
1,31705.0,0.2196272,3.18
1,25391.0,0.274242,3.18
1,17240.0,0.4039025,3.18
2,23830.0,0.2922064,3.18
1,17134.0,0.4064013,3.18
1,20466.0,0.3402364,3.18
1,45385.0,0.1676553,3.18
1,25625.0,0.296938,3.18
2,37014.0,0.2055718,3.18
1,33984.0,0.2239005,3.18
1,13233.0,0.5759538,3.21
2,19381.0,0.393251,3.21
1,18893.0,0.4034085,3.21
2,67813.0,0.1096455,3.07
1,67813.0,0.1096455,3.07
