cost_yr,median_income,affordability_ratio,ave_fam_size
7508,23777,0.3157795,3.34
7508,38508,0.19498,3.34
7508,26192,0.2866635,3.34
7508,22858,0.3284754,3.34
7508,36737,0.2043795,3.34
7508,38641,0.1943089,3.34
7508,32866,0.2284516,3.34
7508,30439,0.2466668,3.34
7508,28184,0.2664026,3.34
7242,16063,0.4508574,3.21
7242,42048,0.1722347,3.21
7242,23858,0.3035511,3.21
7242,28917,0.2504452,3.21
7242,35238,0.2055203,3.21
7242,50497,0.1434169,3.21
7242,39591,0.1829235,3.21
7242,21205,0.341529,3.21
7242,31764,0.2279978,3.21
8821,48333,0.1825087,3.81
5813,33500,0.1735126,2.58
5813,27448,0.2117703,2.58
5813,6588,0.8823121,2.58
5813,27118,0.2143474,2.58
6755,35302,0.1913537,2.99
6755,27159,0.2487267,2.99
6755,8347,0.8092929,2.99
6755,18042,0.3744135,2.99
6755,21732,0.3108397,2.99
6755,10275,0.6574373,2.99
6755,20840,0.3241443,2.99
7030,37897,0.185505,3.09
7030,25347,0.2773536,3.09
7030,35795,0.1963984,3.09
8130,14208,0.5722254,3.62
8130,26625,0.3053588,3.62
8130,17656,0.4604768,3.62
7051,38864,0.1814266,3.1
7051,53507,0.1317765,3.1
7051,27901,0.2527136,3.1
7051,26237,0.2687412,3.1
7051,25625,0.2751595,3.1
7051,50542,0.139507,3.1
7051,30625,0.2302355,3.1
7051,27875,0.2529493,3.1
7051,36453,0.1934261,3.1
7438,21406,0.3474844,3.35
7438,7500,0.9917667,3.35
7438,18897,0.3936207,3.35
6732,55714,0.1208365,2.92
6732,46628,0.1443829,2.92
6732,17390,0.3871355,2.92
6732,40127,0.1677745,2.92
6732,41406,0.162592,2.92
6732,35514,0.1895671,2.92
7878,35347,0.2228641,3.55
7878,26707,0.294963,3.55
7878,17664,0.4459678,3.55
7878,16765,0.4698822,3.55
7878,48750,0.1615913,3.55
7878,30087,0.2618266,3.55
7878,21439,0.3674414,3.55
7878,14722,0.5350887,3.55
7878,19441,0.4052042,3.55
6700,11310,0.5923769,2.98
6700,21250,0.3152839,2.98
6700,47279,0.1417074,2.98
6700,19348,0.3462778,2.98
6439,36295,0.1774063,2.9
6439,16034,0.4015818,2.9
6439,32895,0.1957429,2.9
6439,36321,0.1772793,2.9
6439,38281,0.1682026,2.9
6439,20894,0.3081728,2.9
6439,19107,0.3369949,2.9
6439,22921,0.2809198,2.9
7855,29167,0.2692975,3.52
7855,10156,0.773395,3.52
7855,55417,0.1417363,3.52
7855,19326,0.4064265,3.52
7855,22938,0.3424274,3.52
7855,19551,0.4017492,3.52
6995,32404,0.2158759,3.17
6995,12432,0.5626805,3.17
6995,30962,0.22593,3.17
6995,25769,0.2714597,3.17
7893,30365,0.2599451,3.58
7893,30000,0.2631078,3.58
7893,19302,0.4089335,3.58
7893,17694,0.4460967,3.58
7893,38750,0.2036964,3.58
7893,24239,0.3256419,3.58
7893,35921,0.2197387,3.58
7893,40577,0.1945248,3.58
7893,20254,0.3897124,3.58
8087,8750,0.9242276,3.67
8087,26000,0.3110381,3.67
8087,21588,0.3746059,3.67
8087,15906,0.508424,3.67
8087,21875,0.369691,3.67
8087,31188,0.2592982,3.67
8087,18434,0.4386998,3.67
6759,6793,0.9949487,3.09
6759,20990,0.3219955,3.09
6759,7416,0.9113655,3.09
6759,21285,0.3175328,3.09
6759,19471,0.3471155,3.09
5837,35813,0.162975,2.59
5837,6548,0.8913595,2.59
5837,9563,0.6103338,2.59
5837,31369,0.1860634,2.59
5837,20938,0.2787574,2.59
5837,19452,0.3000525,2.59
8056,11653,0.691351,3.45
8056,38410,0.2097452,3.45
8056,26970,0.2987139,3.45
8056,22624,0.3560959,3.45
8056,40625,0.1983093,3.45
8056,43749,0.1841485,3.45
8056,38313,0.2102762,3.45
8056,35606,0.2262628,3.45
8056,26854,0.3000042,3.45
8850,30813,0.2872292,4
8850,38289,0.2311472,4
8850,17213,0.5141691,4
8850,35221,0.2512817,4
8850,18523,0.4778056,4
8850,21473,0.4121638,4
6382,65500,0.0974275,2.77
6382,21829,0.2923405,2.77
6382,25045,0.2548014,2.77
6382,60861,0.1048537,2.77
6382,9659,0.6606792,2.77
6382,48356,0.1319691,2.77
5316,13598,0.3909176,2.43
5316,12846,0.4138017,2.43
6815,26898,0.2533528,3.05
6815,20625,0.3304089,3.05
6815,17500,0.3894104,3.05
6815,23457,0.2905181,3.05
6815,6146,1.1087996,3.05
6815,22298,0.3056186,3.05
7841,9931,0.7895735,3.57
7841,32702,0.239779,3.57
7841,14800,0.5298145,3.57
7841,18147,0.4320965,3.57
7841,18374,0.4267582,3.57
7841,11477,0.6832146,3.57
7841,17523,0.4474836,3.57
7299,22500,0.3244135,3.19
7299,17742,0.4114138,3.19
7299,17823,0.4095441,3.19
10370,51477,0.20145,4.4
10370,43146,0.2403477,4.4
10370,44604,0.2324913,4.4
7831,22404,0.3495323,3.52
7831,49241,0.1590325,3.52
7831,31500,0.2486007,3.52
7831,22607,0.3463936,3.52
7831,41501,0.1886923,3.52
7831,57596,0.1359629,3.52
7831,27212,0.2877745,3.52
6750,100625,0.0670793,2.93
6750,21603,0.3124498,2.93
6750,26000,0.2596097,2.93
6750,36000,0.1874959,2.93
6750,48359,0.139578,2.93
6750,33401,0.2020854,2.93
6352,13208,0.4809466,2.76
6352,8885,0.7149513,2.76
6352,38539,0.1648289,2.76
6352,36816,0.172543,2.76
7761,39189,0.1980319,3.3
7761,37899,0.2047725,3.3
7761,39406,0.1969414,3.3
7761,28658,0.270803,3.3
7761,41417,0.1873789,3.3
7761,50408,0.1539572,3.3
7761,45457,0.1707256,3.3
7761,40456,0.1918299,3.3
7761,38134,0.2035106,3.3
6295,65294,0.0964065,2.78
6295,75909,0.0829252,2.78
6295,20000,0.3147383,2.78
6295,30849,0.2040509,2.78
6295,42852,0.1468955,2.78
6295,37738,0.1668018,2.78
6295,40202,0.1565784,2.78
5030,24844,0.2024802,2.29
5030,25125,0.2002156,2.29
8109,14329,0.5659194,3.5
8109,33287,0.2436104,3.5
8109,27922,0.2904183,3.5
8109,23249,0.3487918,3.5
8109,98313,0.0824821,3.5
8109,37009,0.2191105,3.5
8109,43094,0.1881714,3.5
8109,21594,0.3755237,3.5
8109,28033,0.2892683,3.5
6908,19531,0.3536954,3.09
6908,28711,0.2406055,3.09
6908,26024,0.2654482,3.09
6908,22561,0.3061932,3.09
6908,32105,0.2151697,3.09
6908,36991,0.1867488,3.09
6908,34213,0.2019123,3.09
6908,36750,0.1879735,3.09
6908,30286,0.228093,3.09
6591,21780,0.3026214,2.89
6591,39444,0.1671,2.89
6591,11728,0.5619964,2.89
6591,23162,0.284565,2.89
8360,11848,0.705585,3.6
8360,35673,0.2343445,3.6
8360,27592,0.3029781,3.6
8360,25120,0.3327934,3.6
8360,32152,0.2600078,3.6
8360,28558,0.2927296,3.6
8360,43125,0.1938498,3.6
8360,27814,0.3005598,3.6
6767,23917,0.2829312,3.24
6767,36556,0.1851096,3.24
6767,26739,0.253071,3.24
6767,23172,0.2920277,3.24
6767,17460,0.3875639,3.24
6767,41498,0.1630649,3.24
6767,34000,0.1990255,3.24
6767,19662,0.3441596,3.24
6767,30021,0.2254044,3.24
7471,32589,0.2292507,3.27
7471,39156,0.1908022,3.27
7471,22564,0.3311049,3.27
7471,27446,0.2722091,3.27
7471,26897,0.2777652,3.27
7471,67545,0.1106085,3.27
7471,52652,0.1418949,3.27
7471,34410,0.2171186,3.27
7422,30764,0.2412699,3.33
7422,28196,0.2632439,3.33
7422,25046,0.2963517,3.33
7422,22115,0.3356286,3.33
7422,22692,0.3270944,3.33
7422,29716,0.2497788,3.33
7422,26250,0.2827591,3.33
7422,2857,2.5979789,3.33
7422,25632,0.2895765,3.33
6335,48839,0.1297027,2.79
6335,34565,0.1832648,2.79
6335,63026,0.1005069,2.79
6335,23225,0.272747,2.79
6335,31398,0.2017501,2.79
6335,45758,0.1384359,2.79
6335,28082,0.2255733,2.79
7143,41875,0.170578,3.17
7143,60043,0.118964,3.17
7143,29535,0.2418471,3.17
7143,31167,0.2291833,3.17
7143,78235,0.0913013,3.17
7143,64016,0.1115808,3.17
7143,42262,0.169016,3.17
7143,43668,0.1635741,3.17
7171,22321,0.3212547,3.17
7171,35083,0.2043932,3.17
7171,26719,0.2683755,3.17
7171,25101,0.2856749,3.17
7171,34554,0.2075223,3.17
7171,34730,0.2064707,3.17
7171,29425,0.243695,3.17
7304,34402,0.2123228,3.2
7304,47083,0.1551373,3.2
7304,36065,0.2025323,3.2
7304,26269,0.2780589,3.2
7304,35904,0.2034405,3.2
7304,61113,0.1195217,3.2
7304,33750,0.2164246,3.2
7304,24375,0.2996648,3.2
7304,38280,0.1908132,3.2
6642,48405,0.1372172,2.96
6642,45714,0.1452946,2.96
6642,22280,0.2981149,2.96
6642,35071,0.1893872,2.96
6642,24000,0.27675,2.96
6642,27755,0.2393082,2.96
6842,11660,0.5868198,3.05
6842,23750,0.2880976,3.05
6842,9800,0.6981958,3.05
6842,16625,0.411568,3.05
6842,19368,0.3532796,3.05
6842,9340,0.7325823,3.05
6842,19045,0.3592711,3.05
9238,9125,1.0124318,3.84
9238,9125,1.0124318,3.84
5553,14531,0.3821745,2.53
5553,20673,0.2686295,2.53
5553,16053,0.3459401,2.53
5553,34722,0.1599383,2.53
5553,16638,0.3337767,2.53
7181,13958,0.5144849,3.18
7181,41786,0.1718561,3.18
7181,29438,0.2439425,3.18
7181,27315,0.2629024,3.18
7181,40061,0.1792561,3.18
7181,40837,0.1758499,3.18
7181,17296,0.4151931,3.18
7181,53864,0.1333206,3.18
7181,33092,0.2170065,3.18
6762,33750,0.2003592,2.97
6762,52054,0.1299059,2.97
6762,17011,0.3975148,2.97
6762,25154,0.268829,2.97
6762,40559,0.1667232,2.97
6762,20769,0.3255874,2.97
6762,35697,0.1894312,2.97
7588,14830,0.5116345,3.39
7588,32417,0.2340605,3.39
7588,12906,0.5879079,3.39
7588,18188,0.4171729,3.39
7588,50833,0.1492641,3.39
7588,27070,0.2802933,3.39
7588,6314,1.201701,3.39
7588,21001,0.3612942,3.39
7058,31818,0.221819,3.2
7058,16324,0.4323596,3.2
7058,17590,0.4012415,3.2
7058,25486,0.27693,3.2
7058,17134,0.4119201,3.2
7058,21385,0.3300369,3.2
6450,6061,1.0641929,2.93
6450,25031,0.2576834,2.93
6450,21615,0.2984073,2.93
5856,20594,0.2843682,2.68
5856,15313,0.3824384,2.68
5856,17099,0.3424925,2.68
8050,27788,0.2897061,3.66
8050,25083,0.3209486,3.66
8050,29211,0.2755932,3.66
8050,18521,0.4346608,3.66
8050,23840,0.3376826,3.66
8050,32222,0.2498403,3.66
8050,19735,0.4079226,3.66
5629,35887,0.1568563,2.57
5629,21574,0.2609206,2.57
5629,22020,0.2556358,2.57
7610,60227,0.1263543,3.24
7610,44522,0.1709254,3.24
7610,36733,0.2071691,3.24
7610,26981,0.2820481,3.24
7610,53199,0.1430467,3.24
7610,26287,0.2894945,3.24
7610,53111,0.1432837,3.24
7610,39816,0.1911277,3.24
6851,50469,0.1357559,3.02
6851,41364,0.1656384,3.02
6851,21375,0.3205364,3.02
6851,26659,0.2570039,3.02
6851,6328,1.0827222,3.02
6851,36438,0.1880308,3.02
6851,48409,0.1415329,3.02
6851,32020,0.2139746,3.02
7091,13750,0.5156929,3.22
7091,28750,0.2466357,3.22
7091,16750,0.42333,3.22
7091,27813,0.2549447,3.22
7091,22056,0.3214897,3.22
7091,23109,0.3068405,3.22
7091,23260,0.3048485,3.22
5890,102750,0.057327,2.44
8088,12500,0.6470352,3.44
8088,12500,0.6470352,3.44
9411,17310,0.5436859,4.01
9411,14933,0.6302286,4.01
9411,19231,0.4893767,4.01
9411,28208,0.333636,4.01
9411,16997,0.5536979,4.01
6692,46641,0.1434701,2.75
6692,52596,0.1272262,2.75
7622,26083,0.2922107,3.07
6479,5500,1.1779503,2.88
6479,6042,1.0722818,2.88
7199,53036,0.1357331,3.13
7199,17188,0.4188235,3.13
7199,31765,0.2266249,3.13
7199,29048,0.2478222,3.13
7199,33654,0.2139044,3.13
7199,30889,0.2330518,3.13
6724,111250,0.0604421,2.78
6724,111250,0.0604421,2.78
6442,90875,0.0708856,2.74
6442,60879,0.1058119,2.74
6442,65568,0.098245,2.74
6442,61118,0.1053982,2.74
7275,25559,0.2846228,3.09
7275,46092,0.1578294,3.09
7275,47061,0.1545797,3.09
7275,40589,0.1792277,3.09
6696,66442,0.1007861,2.82
6696,35857,0.1867539,2.82
6696,47644,0.1405514,2.82
6696,49239,0.1359986,2.82
6696,62045,0.1079286,2.82
6696,48520,0.1380139,2.82
7656,24750,0.3093378,3.16
7656,24750,0.3093378,3.16
8121,19500,0.4164431,3.38
7143,16250,0.439543,3.25
7143,6719,1.0630411,3.25
7143,10703,0.6673431,3.25
7187,9792,0.7339309,3.28
7187,9792,0.7339309,3.28
5648,89792,0.0628977,2.67
5648,41305,0.1367318,2.67
5648,41691,0.1354659,2.67
5346,33897,0.1577044,2.38
5346,33897,0.1577044,2.38
7665,65592,0.1168654,3.3
7665,48750,0.1572397,3.3
7665,51875,0.1477674,3.3
7665,50859,0.1507194,3.3
6974,16212,0.4301604,3.05
6974,16174,0.431171,3.05
7910,28266,0.2798512,3.64
7910,54531,0.1450601,3.64
7910,28790,0.2747577,3.64
8361,36250,0.2306572,3.52
8361,59250,0.1411194,3.52
8361,60184,0.1389294,3.52
8361,58250,0.1435421,3.52
7808,16632,0.4694322,3.76
7808,17396,0.4488156,3.76
8217,34063,0.2412379,3.54
8217,31837,0.258105,3.54
8217,24973,0.3290469,3.54
8217,41063,0.2001142,3.54
8217,31528,0.2606346,3.54
8217,27803,0.295554,3.54
6894,22232,0.310108,3.09
6894,20402,0.3379237,3.09
5161,7321,0.7049507,2.36
5161,7333,0.7037971,2.36
5161,7330,0.7040851,2.36
7428,17137,0.4334621,3.24
7428,37292,0.1991913,3.24
7428,24904,0.298275,3.24
7428,43056,0.1725251,3.24
7428,66058,0.1124503,3.24
7428,35868,0.2070994,3.24
7865,50222,0.156599,3.52
7865,19906,0.3950928,3.52
7865,27703,0.283894,3.52
7865,38365,0.2049972,3.52
7865,21927,0.3586773,3.52
7865,31479,0.2498401,3.52
8278,85234,0.0971239,3.43
8278,85234,0.0971239,3.43
7813,23662,0.330212,3.4
7813,11758,0.6645242,3.4
7813,26316,0.2969097,3.4
7813,33125,0.2358785,3.4
7813,19688,0.3968649,3.4
5851,65833,0.0888789,2.54
5851,65833,0.0888789,2.54
9314,14485,0.6430312,4.51
9314,31684,0.2939751,4.51
8149,13438,0.6063806,3.59
8149,9760,0.8348916,3.59
8149,12898,0.6317679,3.59
7174,17933,0.4000255,3
7174,44784,0.1601835,3
7174,31667,0.2265342,3
7174,40671,0.1763826,3
5732,65909,0.0869741,2.56
5732,24507,0.2339077,2.56
5732,26736,0.2144067,2.56
6089,28705,0.2121083,2.76
6089,20304,0.2998704,2.76
6089,14216,0.4282898,2.76
6089,35000,0.1739591,2.76
6089,24345,0.2500952,2.76
6089,21587,0.2820479,2.76
8665,18315,0.4730875,4.13
6083,85938,0.0707796,2.62
6083,40938,0.1485821,2.62
6083,43629,0.1394177,2.62
7976,47917,0.1664502,3.39
7976,21980,0.3628659,3.39
7976,27031,0.2950609,3.39
7976,31528,0.2529749,3.39
10031,14107,0.711089,4.46
10031,14621,0.6860907,4.46
7580,28860,0.262645,3.37
7580,17717,0.4278339,3.37
7580,17429,0.4349036,3.37
7580,17169,0.4414895,3.37
7580,18800,0.403188,3.37
5824,26052,0.2235526,2.6
5824,31607,0.1842628,2.6
5824,27215,0.2139994,2.6
8367,239000,0.0350097,3.45
8367,237583,0.0352185,3.45
7103,16131,0.440306,3.22
7103,14420,0.4925503,3.22
7103,18173,0.3908312,3.22
7103,41827,0.1698084,3.22
7103,15998,0.4439665,3.22
7105,63494,0.1118945,3.28
6517,63255,0.1030249,2.72
6517,63255,0.1030249,2.72
5988,45012,0.1330314,2.62
5988,31354,0.1909807,2.62
8487,21094,0.4023252,3.65
8487,20852,0.4069944,3.65
5744,41190,0.1394496,2.41
5744,40179,0.1429585,2.41
5744,40786,0.1408309,2.41
8498,7880,1.0784476,4.18
8498,26371,0.3222543,4.18
8498,9559,0.8890226,4.18
8467,38750,0.2185135,3.54
8467,31563,0.2682697,3.54
8467,31250,0.2709567,3.54
8870,21875,0.4054867,3.76
8870,32279,0.2747923,3.76
8870,27000,0.3285193,3.76
8870,34063,0.2604005,3.76
8870,28006,0.3167186,3.76
7731,32061,0.2411378,3.5
7731,21927,0.3525844,3.5
7731,18446,0.4191216,3.5
7731,32117,0.2407173,3.5
7731,21853,0.3537783,3.5
7731,21953,0.3521668,3.5
7731,23402,0.3303614,3.5
9573,70250,0.1362655,4.07
9573,26473,0.3616007,4.07
9573,19156,0.4997209,4.07
9573,26500,0.3612322,4.07
11158,72813,0.1532438,4.63
11158,72813,0.1532438,4.63
7389,31616,0.2337075,3.23
7389,21429,0.3448083,3.23
7389,13872,0.5326482,3.23
7389,16406,0.4503777,3.23
7389,18607,0.397103,3.23
7704,16179,0.4761703,3.4
7704,17089,0.4508139,3.4
7704,15625,0.4930534,3.4
7704,33250,0.231698,3.4
7704,16752,0.4598829,3.4
8440,90809,0.0929442,3.69
8440,12417,0.6797269,3.69
8440,10893,0.774825,3.69
8440,13036,0.6474508,3.69
8440,12167,0.6936935,3.69
5955,25919,0.2297704,2.71
5955,25919,0.2297704,2.71
5984,11071,0.5405208,2.71
5984,11071,0.5405208,2.71
5642,34167,0.1651313,2.36
5642,34436,0.1638413,2.36
7409,24167,0.3065652,3.25
7409,17031,0.4350162,3.25
7409,21516,0.3443373,3.25
7409,19457,0.3807761,3.25
7409,21489,0.3447699,3.25
9607,19000,0.505615,4.13
9607,19005,0.505482,4.13
8311,24402,0.3406051,3.66
8311,32279,0.2574877,3.66
8311,25188,0.3299764,3.66
4421,7115,0.6213345,2.07
4421,7115,0.6213345,2.07
7772,28750,0.270337,3.31
7772,31750,0.2447934,3.31
7772,34233,0.2270379,3.31
7772,32282,0.2407592,3.31
7772,30521,0.2546505,3.31
7772,32016,0.2427595,3.31
5655,63438,0.0891356,2.41
5655,30676,0.1843326,2.41
5655,97738,0.0578545,2.41
5655,57241,0.0987856,2.41
7061,16471,0.4286744,2.95
7061,25521,0.2766622,2.95
6693,55268,0.121095,2.94
6693,53302,0.1255615,2.94
6693,54256,0.1233537,2.94
6693,27188,0.246163,2.94
6693,53579,0.1249124,2.94
6695,87857,0.0761999,2.92
6695,12056,0.5552998,2.92
6695,21116,0.3170437,2.92
6695,56604,0.1182725,2.92
6695,50588,0.1323376,2.92
6695,38691,0.1730298,2.92
6495,60744,0.1069322,2.65
6495,57619,0.1127317,2.65
6077,30515,0.1991554,2.79
6077,7214,0.8424211,2.79
6242,80833,0.0772223,2.64
6242,86058,0.0725337,2.64
6242,70082,0.0890687,2.64
6242,69621,0.0896584,2.64
7443,24167,0.3079971,3.24
7443,35556,0.2093421,3.24
7443,35093,0.212104,3.24
7488,7632,0.9811784,3.16
7488,20852,0.3591192,3.16
7488,18837,0.3975343,3.16
7833,40625,0.1928177,3.5
7833,28125,0.2785145,3.5
5787,9185,0.6300054,2.34
5787,8533,0.6781436,2.34
7861,19844,0.3961177,3.75
7861,14922,0.5267765,3.75
5642,52734,0.1069963,2.6
5642,28625,0.1971124,2.6
7043,54712,0.1287286,2.91
7043,54712,0.1287286,2.91
5863,66000,0.0888289,2.47
10610,17058,0.6220166,4.4
10610,22292,0.4759716,4.4
10610,21218,0.5000641,4.4
5975,12188,0.4902102,2.61
5975,21771,0.274433,2.61
8218,24219,0.3393123,3.49
8218,29145,0.2819628,3.49
8218,4091,2.008752,3.49
8218,24574,0.3344105,3.49
5698,12500,0.455851,2.51
5698,12500,0.455851,2.51
4615,3846,1.1998756,2.23
4615,3846,1.1998756,2.23
7497,2813,2.6652236,3.32
7497,32132,0.2333273,3.32
7497,32096,0.233589,3.32
7681,39926,0.192391,3.79
7681,34000,0.2259236,3.79
7681,53355,0.1439678,3.79
6892,26786,0.2572953,2.88
6892,26786,0.2572953,2.88
5458,67614,0.0807251,2.67
5458,42500,0.1284271,2.67
7821,20109,0.388934,3.86
7067,13068,0.5407712,3.13
5024,23750,0.2115382,2.27
6948,21167,0.3282557,3.26
6948,43365,0.1602257,3.26
6948,29000,0.2395927,3.26
5602,9257,0.6051132,2.52
5602,9662,0.5797488,2.52
7368,50089,0.1471019,3.11
7368,45733,0.1611132,3.11
7368,45948,0.1603593,3.11
7678,15059,0.5098797,3.6
7678,13125,0.5850116,3.6
7678,14827,0.5178578,3.6
6687,28750,0.2325807,2.84
6687,36630,0.182547,2.84
6687,41919,0.1595147,2.84
6687,40211,0.1662902,2.84
7879,102045,0.0772079,3.42
7879,73404,0.1073331,3.42
7879,19716,0.3996083,3.42
7879,71304,0.1104942,3.42
7879,12614,0.6245979,3.42
7879,64848,0.1214945,3.42
8248,10333,0.7981912,3.69
5793,22500,0.2574513,2.66
5793,26031,0.222529,2.66
6759,51528,0.1311681,3.39
6759,37100,0.1821787,3.39
6759,36450,0.1854275,3.39
8108,66027,0.1227964,3.42
8108,31875,0.2543647,3.42
8108,32712,0.2478563,3.42
8108,36028,0.2250438,3.42
8108,19000,0.4267303,3.42
8108,35000,0.2316536,3.42
5956,38125,0.1562114,2.51
5956,17826,0.334094,2.51
5956,22679,0.2626024,2.51
6906,75417,0.0915757,2.92
6906,19103,0.3615329,2.92
6906,33632,0.205351,2.92
6906,46985,0.1469908,2.92
6906,63083,0.1094806,2.92
6906,45846,0.1506427,2.92
5839,48021,0.1215845,2.56
5839,55321,0.1055406,2.56
5839,48516,0.120344,2.56
5839,48750,0.1197664,2.56
6030,31364,0.1922546,2.82
6030,31364,0.1922546,2.82
6899,14853,0.464511,3.14
6899,14779,0.4668369,3.14
8679,9479,0.9155903,4.16
8679,9479,0.9155903,4.16
6666,27444,0.2429113,2.69
6666,26639,0.2502518,2.69
7364,35549,0.207152,3.15
7364,90833,0.0810724,3.15
7364,60984,0.1207537,3.15
8726,22558,0.3868127,3.82
8726,22865,0.3816191,3.82
8508,7095,1.1991613,3.93
8508,14409,0.5904677,3.93
8508,11675,0.7287409,3.93
8508,13150,0.647,3.93
7414,32614,0.2273245,3.03
7414,24607,0.3012948,3.03
7414,24643,0.3008547,3.03
8806,12414,0.7093831,3.89
8806,14167,0.6216053,3.89
5125,29333,0.1747014,2.37
5125,28333,0.1808674,2.37
9045,6983,1.295252,3.89
9045,6983,1.295252,3.89
6970,38542,0.1808392,2.95
6970,37917,0.18382,2.95
6970,52643,0.1323994,2.95
6970,50606,0.1377288,2.95
7689,24453,0.3144253,3.32
7689,49911,0.1540471,3.32
7689,49286,0.1560005,3.32
6982,170078,0.0410531,3.53
6178,16006,0.385999,2.63
6178,44211,0.1397458,2.63
6178,24886,0.2482641,2.63
9141,36458,0.2507334,3.8
9141,36458,0.2507334,3.8
6664,81000,0.0822742,2.84
6664,81000,0.0822742,2.84
4234,35129,0.1205266,2.26
4234,22895,0.1849303,2.26
4234,12115,0.3494824,2.26
6738,45096,0.1494038,3.36
6738,33598,0.2005332,3.36
6738,24221,0.2781683,3.36
6738,32614,0.2065835,3.36
5963,54118,0.1101812,2.6
5963,51023,0.1168647,2.6
5963,67933,0.0877745,2.6
5963,52228,0.1141684,2.6
7851,26900,0.2918654,3.84
6702,52500,0.1276514,2.96
6702,52500,0.1276514,2.96
5582,26875,0.2077154,2.5
5582,22404,0.2491676,2.5
5582,23167,0.2409614,2.5
6177,21944,0.2814748,2.88
6177,33139,0.1863871,2.88
6177,48851,0.1264392,2.88
6177,52431,0.1178059,2.88
6177,39051,0.1581696,2.88
6077,41530,0.1463349,2.64
6077,41530,0.1463349,2.64
5366,53144,0.1009729,2.26
5366,53068,0.1011175,2.26
6518,70313,0.0927027,2.92
6518,14333,0.4547688,2.92
6518,26017,0.2505363,2.92
6518,35252,0.184903,2.92
6518,35851,0.1818137,2.92
6518,33503,0.1945558,2.92
6284,34464,0.1823427,2.66
6284,24271,0.2589205,2.66
6284,33214,0.1892051,2.66
9162,28299,0.323767,3.8
9162,44077,0.2078699,3.8
9162,26471,0.3461253,3.8
9162,45521,0.201276,3.8
9162,108393,0.0845284,3.8
9162,38088,0.2405556,3.8
13004,45650,0.2848723,6.41
13004,29271,0.4442767,6.41
9884,66103,0.1495276,3.97
9884,65294,0.1513803,3.97
6631,34545,0.1919593,3.18
6631,10238,0.6477079,3.18
6631,57885,0.1145587,3.18
6631,34773,0.1907006,3.18
7354,76094,0.0966455,3.04
7354,75156,0.0978517,3.04
4811,89792,0.0535825,2
4811,89792,0.0535825,2
6462,39345,0.1642292,2.79
6462,32014,0.2018366,2.79
6462,41336,0.1563189,2.79
6462,52375,0.1233718,2.79
6462,46477,0.1390278,2.79
9892,22885,0.4322624,4.4
9892,22885,0.4322624,4.4
7550,40437,0.1867051,3.3
7550,19464,0.3878849,3.3
7550,15707,0.4806642,3.3
7550,22297,0.3386013,3.3
7550,13873,0.5442076,3.3
7550,17337,0.4354728,3.3
5779,16827,0.3434377,2.64
7440,56500,0.1316857,3.1
7440,56500,0.1316857,3.1
7632,19943,0.3826973,3.47
7632,9688,0.7877923,3.47
7632,16789,0.4545912,3.47
7632,25350,0.3010703,3.47
7632,18772,0.40657,3.47
7802,31771,0.2455584,3.23
7802,65913,0.1183626,3.23
7802,26311,0.2965161,3.23
7802,60968,0.1279628,3.23
7802,77778,0.1003065,3.23
7802,34375,0.2269567,3.23
5532,19926,0.2776259,2.48
5532,19926,0.2776259,2.48
8157,26629,0.3063094,3.41
8157,25268,0.322808,3.41
8157,26176,0.3116104,3.41
6850,65417,0.1047104,2.83
6850,25521,0.2684002,2.83
6888,52727,0.1306355,3.27
6888,21140,0.3258286,3.27
6888,7431,0.9269299,3.27
6888,22451,0.3068022,3.27
6844,46218,0.1480728,2.92
6844,46218,0.1480728,2.92
6453,35948,0.1795057,2.87
6453,26370,0.244705,2.87
6453,5833,1.1062695,2.87
6453,19592,0.3293625,2.87
6453,22066,0.292435,2.87
6453,9712,0.6644223,2.87
6453,21453,0.300791,2.87
7942,89201,0.0890403,3.38
7942,80625,0.0985114,3.38
7942,46667,0.1701948,3.38
7942,42283,0.187841,3.38
7942,61025,0.1301513,3.38
8236,35556,0.2316321,3.56
8236,60156,0.1369092,3.56
8236,39922,0.2063,3.56
8236,55153,0.1493284,3.56
8236,40053,0.2056253,3.56
8652,21406,0.4041897,3.78
8652,65216,0.1326681,3.78
8652,40170,0.2153867,3.78
11830,20114,0.5881612,5.28
11830,20114,0.5881612,5.28
7087,56864,0.1246288,3.38
7087,36136,0.1961172,3.38
7087,24800,0.2857617,3.38
7087,36964,0.1917241,3.38
7087,46250,0.1532301,3.38
7087,27245,0.2601171,3.38
9462,16875,0.5606988,3.93
9462,22895,0.413269,3.93
6517,12188,0.5347107,2.88
6517,22393,0.2910309,2.88
6517,20528,0.3174715,2.88
6517,37447,0.1740341,2.88
6517,41800,0.1559104,2.88
6517,33898,0.1922548,2.88
6772,75677,0.08948,2.81
6772,18462,0.3667847,2.81
6772,46032,0.1471059,2.81
6772,37188,0.1820904,2.81
6772,45595,0.1485158,2.81
8815,138245,0.0637636,3.71
8815,137885,0.0639301,3.71
11037,43000,0.256666,4.58
6313,7317,0.8627511,2.95
6313,21374,0.2953471,2.95
6313,20024,0.3152592,2.95
7952,55500,0.143285,3.38
7952,55060,0.14443,3.38
7952,55202,0.1440585,3.38
6911,49000,0.1410404,3.05
6911,24521,0.2818392,3.05
6911,33116,0.20869,3.05
6911,36493,0.1893782,3.05
6911,20441,0.338094,3.05
6911,33677,0.2052136,3.05
7533,42250,0.1783074,3.11
9227,21446,0.4302208,4.04
9227,92171,0.1001022,4.04
9227,21804,0.423157,4.04
7970,17768,0.4485793,3.67
7970,11473,0.6947056,3.67
7970,17527,0.4547474,3.67
7197,29250,0.2460347,3.11
7197,29625,0.2429204,3.11
8266,68214,0.1211844,3.59
8266,71250,0.1160207,3.59
8266,68214,0.1211844,3.59
8081,20417,0.3957751,3.5
8081,42938,0.1881909,3.5
8081,22778,0.3547519,3.5
8081,47059,0.1717108,3.5
8081,24782,0.3260649,3.5
4620,4915,0.93992,2.12
4620,15260,0.3027331,2.12
7625,24712,0.308547,3.38
7625,36023,0.2116652,3.38
7625,25964,0.2936687,3.38
8561,30286,0.2826655,3.6
8561,30071,0.2846865,3.6
9260,33167,0.279189,4.01
9260,21326,0.4342053,4.01
9260,40729,0.227353,4.01
9260,25684,0.3605303,4.01
6795,50441,0.1347041,2.97
6795,36974,0.1837673,2.97
6795,26049,0.2608396,2.97
6795,42538,0.1597304,2.97
6795,202813,0.0335019,2.97
6795,37262,0.1823469,2.97
5506,60455,0.0910696,2.5
5248,3100,1.6929666,2.53
5982,37443,0.1597692,2.5
5982,35057,0.1706432,2.5
8105,17500,0.4631371,3.86
8105,9628,0.841805,3.86
6253,20833,0.3001516,2.93
6253,11848,0.5277733,2.93
6253,11976,0.5221324,2.93
7884,51042,0.1544644,3.37
7884,72639,0.1085391,3.37
7884,29808,0.2644985,3.37
7884,50227,0.1569708,3.37
7884,95385,0.0826563,3.37
7884,41883,0.1882428,3.37
5653,3021,1.8711043,2.66
5653,44233,0.1277916,2.66
5653,43011,0.1314223,2.66
6450,18646,0.3459164,2.87
6450,18646,0.3459164,2.87
5987,34719,0.1724424,2.54
5987,40688,0.1471448,2.54
7434,9569,0.7768736,3.19
7434,29375,0.2530691,3.19
7434,44623,0.1665935,3.19
7434,110100,0.0675196,3.19
7434,40040,0.1856619,3.19
5921,19076,0.3103968,2.55
5921,19125,0.3096016,2.55
5859,60993,0.0960585,2.52
5859,60993,0.0960585,2.52
6644,35529,0.1870016,2.98
6644,26406,0.2516087,2.98
6732,33409,0.2014896,3.07
6732,10517,0.6400652,3.07
6732,26172,0.2572049,3.07
8767,25787,0.3399678,3.91
7447,26103,0.2852958,3.21
7447,28438,0.2618706,3.21
7447,32677,0.2278996,3.21
7447,49773,0.1496208,3.21
7447,65913,0.1129834,3.21
7447,34135,0.2181654,3.21
8300,28194,0.2943806,3.75
8300,23214,0.3575328,3.75
7249,18042,0.4017802,3.28
7249,11538,0.6282647,3.28
7779,35857,0.2169376,3.21
7779,35857,0.2169376,3.21
8852,19364,0.4571273,3.82
8852,20481,0.4321963,3.82
6228,42214,0.1475418,2.62
6228,75923,0.0820348,2.62
6228,38125,0.163366,2.62
6228,51339,0.1213177,2.62
6228,105481,0.0590469,2.62
6228,48167,0.129307,2.62
6882,66806,0.1030173,2.9
6882,61563,0.1117907,2.9
6882,110500,0.0622821,2.9
6882,70809,0.0971935,2.9
8518,15659,0.5439946,3.94
8518,15659,0.5439946,3.94
5132,53558,0.0958165,2.15
5132,53558,0.0958165,2.15
7522,41927,0.1794008,3.06
7522,152647,0.0492754,3.06
7522,49479,0.1520188,3.06
7522,49205,0.1528653,3.06
7522,48112,0.1563381,3.06
7697,52656,0.1461661,3.49
7697,23264,0.330834,3.49
7697,39191,0.1963849,3.49
7697,53828,0.1429836,3.49
7697,5104,1.5079391,3.49
7697,39273,0.1959749,3.49
6476,33625,0.1925975,2.73
6476,53479,0.121096,2.73
6476,44696,0.1448919,2.73
6571,203056,0.0323618,2.77
6571,21574,0.3045918,2.77
6571,74044,0.0887481,2.77
6571,79839,0.0823064,2.77
6571,77826,0.0844353,2.77
6713,43686,0.1536715,2.91
6713,16522,0.4063245,2.91
6713,22875,0.2934773,2.91
6713,46917,0.1430887,2.91
6713,32439,0.2069513,2.91
7574,35909,0.2109265,3.4
7574,55395,0.13673,3.4
7574,55066,0.137547,3.4
9772,17950,0.54442,4.56
9772,17950,0.54442,4.56
7703,97813,0.0787477,3.58
8700,7426,1.1716172,3.99
8700,17944,0.4848657,3.99
8700,12348,0.7046023,3.99
8700,17585,0.4947643,3.99
8456,14948,0.5657111,3.77
8456,19750,0.4281646,3.77
8456,19583,0.4318159,3.77
9675,18856,0.5131128,4.15
9675,19047,0.5079674,4.15
8170,19091,0.4279364,3.61
8170,21816,0.3744835,3.61
8170,31750,0.2573144,3.61
8170,21373,0.3822455,3.61
9792,45250,0.2164047,4.17
7627,48750,0.1564547,3.16
7627,53854,0.1416268,3.16
7627,56346,0.1353631,3.16
7627,52372,0.1456344,3.16
7202,37446,0.1923259,3.01
7202,47019,0.1531686,3.01
7202,46731,0.1541126,3.01
7937,17257,0.4599576,3.58
7937,20893,0.3799114,3.58
7937,17431,0.4553662,3.58
7146,48958,0.1459633,3.08
7146,44631,0.1601145,3.08
7729,19656,0.3931914,3.38
7729,36500,0.2117416,3.38
7729,26433,0.2923834,3.38
4986,23276,0.2142095,2.09
4986,23276,0.2142095,2.09
8452,21635,0.3906677,3.9
8452,5833,1.4490134,3.9
5836,4583,1.2734977,2.44
8042,65078,0.1235734,3.46
8042,45464,0.1768852,3.46
8042,33811,0.2378489,3.46
8042,58958,0.1364006,3.46
8042,74405,0.1080829,3.46
8042,35352,0.227481,3.46
8596,29821,0.2882666,3.57
8596,15679,0.5482747,3.57
8596,38393,0.2239054,3.57
8596,26029,0.3302623,3.57
6754,112813,0.0598713,2.94
6754,30962,0.218147,2.94
6754,51354,0.1315237,2.94
6754,66741,0.1012012,2.94
6754,65223,0.1035565,2.94
5959,16852,0.3535819,2.56
5959,17037,0.3497424,2.56
6444,43162,0.1492966,2.69
6444,43162,0.1492966,2.69
7033,15274,0.4604377,3.42
7033,15061,0.4669494,3.42
8544,25000,0.3417528,3.73
8544,23150,0.3690635,3.73
8544,26932,0.3172367,3.73
6889,16875,0.4082079,2.98
6889,23333,0.295226,2.98
6889,22404,0.3074678,2.98
8805,17267,0.5099322,3.8
8805,60288,0.146049,3.8
8805,17350,0.5074928,3.8
8725,72500,0.1203434,3.96
8725,66250,0.1316966,3.96
9866,38833,0.2540727,4.31
9866,26183,0.3768248,4.31
9866,28355,0.34796,4.31
8502,19115,0.4447601,3.42
8502,19375,0.4387917,3.42
8036,12188,0.6593309,3.71
8036,13682,0.5873355,3.71
8036,13649,0.5887556,3.71
4258,15321,0.2779102,1.94
4258,15321,0.2779102,1.94
9974,9188,1.0855399,4.31
9974,29052,0.3433134,4.31
9974,28513,0.3498033,4.31
7143,55000,0.1298815,3.13
7143,75227,0.094959,3.13
6770,40833,0.1657906,2.87
6770,26779,0.2527998,2.87
6770,47188,0.1434629,2.87
6770,31063,0.2179354,2.87
8138,23750,0.3426337,3.47
8138,21250,0.3829436,3.47
9160,32039,0.2859065,3.92
9160,22261,0.411489,3.92
9160,39438,0.2322673,3.92
9160,50250,0.1822917,3.92
9160,39784,0.2302473,3.92
6574,16250,0.4045434,3.19
6574,20779,0.316369,3.19
6574,22225,0.2957854,3.19
6574,31521,0.208554,3.19
6574,33393,0.1968625,3.19
6574,23172,0.2836972,3.19
7309,55417,0.1318955,3.24
7309,17431,0.4193249,3.24
7309,17264,0.4233811,3.24
7309,17372,0.420749,3.24
9180,53214,0.1725173,3.69
9180,31289,0.2934046,3.69
9180,31914,0.2876586,3.69
5881,29875,0.1968632,2.69
5881,70893,0.0829601,2.69
5881,56250,0.1045562,2.69
5881,11923,0.4932726,2.69
5881,34318,0.1713762,2.69
6693,46424,0.1441701,2.85
6693,96210,0.0695661,2.85
6693,43058,0.1554404,2.85
6693,160662,0.0416586,2.85
6693,44923,0.1489872,2.85
9168,29254,0.3133866,3.98
9168,25376,0.3612788,3.98
9168,47639,0.1924434,3.98
9168,26053,0.3518908,3.98
6432,12665,0.5078412,2.94
6432,25081,0.2564415,2.94
6432,22941,0.2803631,2.94
9245,12209,0.7572436,3.75
9245,59044,0.1565813,3.75
9245,11948,0.7737853,3.75
6664,71186,0.093612,2.8
6664,62639,0.1063853,2.8
6664,65833,0.1012238,2.8
6664,67000,0.0994607,2.8
6383,23106,0.2762382,2.84
6910,71983,0.0959939,3.15
6383,30083,0.2121717,2.84
6383,32222,0.198087,2.84
6910,65882,0.1048834,3.15
6910,71897,0.0961087,3.15
6383,27131,0.2352571,2.84
6430,46071,0.1395648,2.66
6430,46071,0.1395648,2.66
7151,44537,0.1605664,3.16
7151,43880,0.1629705,3.16
7151,36134,0.1979063,3.16
7151,29120,0.245575,3.16
7151,46418,0.1540597,3.16
7151,54500,0.1312137,3.16
7151,44018,0.1624596,3.16
7499,26719,0.2806686,3.42
7499,26719,0.2806686,3.42
7461,39833,0.187303,3.31
7461,53750,0.1388063,3.31
4980,15236,0.3268318,2.4
4980,24111,0.2065285,2.4
4980,15613,0.3189399,2.4
7264,22386,0.3245064,3.25
7264,15313,0.4743943,3.25
7264,21591,0.336455,3.25
6315,32558,0.1939649,2.98
6315,68672,0.0919604,2.98
6315,55076,0.1146617,2.98
5178,24000,0.2157364,2.32
5178,24000,0.2157364,2.32
6902,34942,0.1975316,3.35
6902,31027,0.2224562,3.35
6902,24992,0.2761743,3.35
6902,31380,0.2199538,3.35
6902,15268,0.4520664,3.35
6902,27359,0.2522808,3.35
5679,20625,0.2753673,2.41
5679,45898,0.1237407,2.41
8086,46658,0.1732929,3.63
6156,41184,0.1494795,2.79
6156,16383,0.3757654,2.79
6156,18214,0.3379908,2.79
6156,19375,0.3177375,2.79
8429,34950,0.2411815,3.73
8429,25458,0.3311059,3.73
8429,28625,0.2944732,3.73
6476,6701,0.9664254,2.81
6476,22054,0.2936436,2.81
6476,46188,0.1402099,2.81
6476,38250,0.1693076,2.81
6090,41061,0.1483206,2.67
6090,41818,0.1456357,2.67
7509,32045,0.2343312,3.33
7509,26677,0.2814838,3.33
7509,26676,0.2814944,3.33
7509,50529,0.1486106,3.33
7509,16864,0.4452765,3.33
7509,35276,0.2128683,3.33
7264,29096,0.2496398,3.08
7264,28432,0.2554699,3.08
7103,31394,0.2262446,3.36
7103,50625,0.1403007,3.36
7103,36490,0.1946485,3.36
10341,22404,0.4615909,4.43
10341,22404,0.4615909,4.43
5812,72750,0.079892,2.43
5812,58833,0.0987905,2.43
8049,11771,0.6837568,3.32
7077,30521,0.2318572,3.07
7077,30521,0.2318572,3.07
9195,50924,0.1805691,4
9195,22202,0.4141654,4
9195,42143,0.2181929,4
9095,10278,0.8848908,4.03
9095,10278,0.8848908,4.03
9163,19583,0.4679245,3.95
9163,16035,0.5714602,3.95
9163,16512,0.5549518,3.95
7231,33103,0.2184273,3.23
7231,19824,0.3647397,3.23
7231,28250,0.2559504,3.23
7231,32336,0.2236083,3.23
7231,42250,0.1711385,3.23
7231,30250,0.2390281,3.23
6235,59464,0.1048567,2.76
6235,40625,0.1534818,2.76
6235,31176,0.2,2.76
6235,51840,0.1202778,2.76
6235,49854,0.1250692,2.76
9571,30129,0.3176751,4.08
9571,40542,0.2360819,4.08
9571,26216,0.3650913,4.08
9571,40461,0.2365545,4.08
9571,52872,0.1810265,4.08
9571,29546,0.3239435,4.08
6667,13864,0.480895,3
6667,16837,0.3959807,3
6667,19786,0.3369619,3
6667,20741,0.3214468,3
6667,17679,0.3771213,3
7437,4345,1.7115537,3.52
7437,10236,0.7265241,3.52
7961,38795,0.2052123,3.41
7961,38795,0.2052123,3.41
5204,24551,0.2119535,2.16
5204,24551,0.2119535,2.16
6389,4005,1.5952426,3.06
6389,40122,0.159238,3.06
6389,14279,0.4474366,3.06
7746,20694,0.3743219,3.64
7746,21528,0.3598206,3.64
7010,10833,0.6470631,3.27
7010,18162,0.3859506,3.27
7010,16098,0.4354351,3.27
6438,77868,0.0826799,2.82
6438,52250,0.1232176,2.82
6438,79127,0.0813644,2.82
6438,78214,0.0823141,2.82
7633,36250,0.2105736,3.28
7633,41250,0.1850495,3.28
7633,65272,0.1169459,3.28
7633,12217,0.6248091,3.28
7633,47078,0.1621414,3.28
7830,53068,0.1475549,3.45
7830,13490,0.5804629,3.45
7830,50913,0.1538005,3.45
8820,27542,0.3202506,3.96
8820,21344,0.4132469,3.96
5876,16875,0.348228,2.64
8083,23860,0.3387837,4.04
8083,23860,0.3387837,4.04
7168,51838,0.1382807,3.12
7168,24375,0.2940798,3.12
7168,46667,0.1536031,3.12
7168,48571,0.1475818,3.12
7168,50357,0.1423475,3.12
7168,41272,0.1736818,3.12
8558,50491,0.1694963,3.56
9503,45769,0.2076366,4
9503,31364,0.3030008,4
9503,38056,0.2497193,4
9503,37182,0.2555892,4
7701,35451,0.2172344,3.48
7701,31639,0.2434077,3.48
7701,16809,0.458158,3.48
7701,16884,0.4561228,3.48
7701,29821,0.2582468,3.48
7701,21974,0.3504677,3.48
7701,14008,0.5497699,3.48
7701,19374,0.3975006,3.48
6087,54464,0.1117536,2.52
6947,16058,0.4326286,3.02
6947,10625,0.6538494,3.02
6947,15341,0.4528486,3.02
7293,25605,0.2848226,3.13
7293,59139,0.1233176,3.13
7293,33386,0.2184413,3.13
7293,33348,0.2186902,3.13
7293,107875,0.0676049,3.13
7293,32892,0.2217221,3.13
8142,26667,0.3053313,3.61
8142,51520,0.1580409,3.61
8142,39071,0.2083967,3.61
8188,17461,0.4689344,3.52
8188,21154,0.3870693,3.52
8188,22917,0.3572921,3.52
8549,33194,0.2575602,3.63
8549,42083,0.203157,3.63
8549,31505,0.2713682,3.63
8549,40861,0.2092326,3.63
8549,51250,0.1668186,3.63
8549,33358,0.256294,3.63
7977,27569,0.2893396,3.39
7977,25707,0.3102969,3.39
7977,15206,0.5245825,3.39
7977,36250,0.2200497,3.39
7977,19912,0.4006028,3.39
8957,32537,0.2752732,3.66
8957,34632,0.2586211,3.66
5205,22527,0.2310401,2.18
5205,22527,0.2310401,2.18
6941,30677,0.2262514,3
7852,23125,0.3395592,3.24
7852,23750,0.3306234,3.24
7638,143558,0.053204,3.39
7638,20119,0.3796344,3.39
7638,30750,0.2483858,3.39
7638,23750,0.3215943,3.39
8103,22031,0.3678105,3.46
8103,28281,0.2865257,3.46
8103,28854,0.2808357,3.46
7043,39808,0.1769302,2.98
7043,55541,0.1268115,2.98
7043,33272,0.2116866,2.98
7043,32211,0.2186593,2.98
7043,72981,0.0965078,2.98
7043,33735,0.2087813,2.98
7414,67292,0.1101822,3.13
7414,75521,0.0981764,3.13
7414,37638,0.1969918,3.13
7414,51719,0.1433589,3.13
7414,57750,0.1283875,3.13
7414,39188,0.1892002,3.13
5107,42243,0.1209062,2.14
5107,42243,0.1209062,2.14
6933,12806,0.5414088,3.06
6933,14158,0.4897076,3.06
6569,36389,0.1805205,2.87
6569,53017,0.1239029,2.87
6569,56042,0.117215,2.87
6569,49891,0.1316663,2.87
9448,26058,0.3625715,4.2
9448,28355,0.3332001,4.2
8806,20807,0.423207,4.05
8806,20521,0.4291052,4.05
9985,23797,0.41959,4.72
9985,24033,0.4154697,4.72
7579,31500,0.2406015,3.3
7579,26900,0.2817452,3.3
7579,32077,0.2362735,3.3
6614,61950,0.1067609,2.88
6614,71434,0.0925867,2.88
5609,53477,0.1048921,2.53
6481,4472,1.4491424,2.92
6481,28288,0.2290924,2.92
6481,27512,0.2355541,2.92
5988,23750,0.2521453,2.48
5988,23750,0.2521453,2.48
16213,38365,0.4226014,7.2
16213,38365,0.4226014,7.2
7984,11750,0.6795051,3.3
7984,11607,0.6878767,3.3
5525,37151,0.1487235,2.57
5525,43385,0.1273534,2.57
7436,41250,0.1802714,3.37
9542,37946,0.2514501,4.44
9542,38287,0.2492106,4.44
4731,19188,0.2465692,2.03
7190,35811,0.200763,3.13
7190,4919,1.4615825,3.13
7190,30732,0.2339426,3.13
7052,22813,0.3091186,2.97
7052,22688,0.3108217,2.97
7052,22399,0.314832,2.97
6426,15455,0.4158197,2.93
6426,17273,0.3720542,2.93
5655,44083,0.1282908,2.45
5655,43167,0.1310131,2.45
8534,27604,0.3091487,3.55
8534,33594,0.2540257,3.55
8534,29063,0.293629,3.55
8258,46905,0.176059,3.44
8258,36563,0.225858,3.44
8258,72994,0.1131332,3.44
8258,43611,0.189357,3.44
7975,26914,0.2963115,3.29
7975,91250,0.0873965,3.29
7975,26563,0.3002269,3.29
7229,12500,0.5782874,3.36
7229,12500,0.5782874,3.36
7683,30625,0.2508607,3.36
7683,20417,0.3762848,3.36
7683,19425,0.395501,3.36
7683,31014,0.2477142,3.36
7683,22148,0.3468759,3.36
6455,16250,0.3972058,3.02
6455,14286,0.4518125,3.02
5862,70952,0.0826194,3.04
5862,70952,0.0826194,3.04
5643,72669,0.0776515,2.65
8162,13424,0.6080066,3.59
8162,23078,0.353665,3.59
7491,15625,0.479402,3.23
7491,32139,0.2330706,3.23
7491,19870,0.3769832,3.23
7491,51319,0.1459626,3.23
7491,29922,0.2503394,3.23
6298,31974,0.1969769,2.63
6298,30921,0.2036849,2.63
7958,52269,0.1522438,3.54
7958,31534,0.2523508,3.54
7958,26532,0.2999257,3.54
7958,37381,0.212879,3.54
7958,26840,0.296484,3.54
7958,42770,0.1860563,3.54
7958,31941,0.2491353,3.54
7316,19958,0.3665645,3.28
7316,40476,0.1807465,3.28
7316,30078,0.2432308,3.28
9018,44618,0.2021212,4.03
9018,44896,0.2008697,4.03
7384,13667,0.5402453,3.21
7384,17313,0.4264733,3.21
7384,23108,0.3195228,3.21
7384,12344,0.5981475,3.21
7384,19368,0.3812233,3.21
6742,92785,0.0726611,2.97
6742,27260,0.2473171,2.97
6742,55700,0.1210389,2.97
6742,67813,0.0994185,2.97
6742,39038,0.1727,2.97
6742,56183,0.1199983,2.97
5906,44554,0.1325565,2.47
5906,78250,0.0754751,2.47
5906,79375,0.0744053,2.47
8611,40648,0.2118363,3.73
8611,20360,0.4229234,3.73
8611,21808,0.3948423,3.73
8611,21598,0.3986814,3.73
7735,13509,0.5726139,3.42
7735,13662,0.5662012,3.42
7072,3375,2.0955141,3.24
7072,7935,0.8912867,3.24
8465,33333,0.2539526,3.63
8465,28175,0.3004437,3.63
8465,19466,0.4348608,3.63
8465,39234,0.2157568,3.63
8465,25000,0.3386,3.63
8465,27896,0.3034486,3.63
7117,43786,0.1625308,2.94
7117,209583,0.0339559,2.94
7117,96154,0.0740122,2.94
5232,6897,0.7585247,2.53
5232,6897,0.7585247,2.53
6547,21742,0.3011075,2.89
6547,47885,0.1367167,2.89
6547,21098,0.3102986,2.89
7417,16449,0.4509033,3.41
7417,16790,0.4417456,3.41
9582,62250,0.1539235,4.22
9582,7153,1.3395413,4.22
9582,16875,0.5678067,4.22
8528,18720,0.4555724,3.52
8528,19732,0.4322073,3.52
8754,14207,0.6161994,3.68
8754,21364,0.4097709,3.68
8754,20114,0.4352364,3.68
5862,40868,0.1434378,2.37
5862,40957,0.1431261,2.37
6781,19640,0.3452474,2.98
6781,79018,0.0858116,2.98
6781,20476,0.3311516,2.98
7958,17019,0.4676193,3.78
7958,17019,0.4676193,3.78
6884,75125,0.0916293,2.92
6884,68846,0.0999862,2.92
6884,31250,0.2202768,2.92
6884,50167,0.1372147,2.92
6884,51034,0.1348836,2.92
6884,49045,0.1403537,2.92
9309,20652,0.4507746,4.01
9309,20652,0.4507746,4.01
10088,9921,1.0168273,4.77
10088,9921,1.0168273,4.77
5205,26250,0.198272,2.18
6897,48017,0.1436437,2.9
6897,48017,0.1436437,2.9
6718,69318,0.0969115,3.24
6718,36364,0.1847351,3.24
6718,21714,0.3093722,3.24
6718,30464,0.220513,3.24
6718,77153,0.08707,3.24
6718,27174,0.2472109,3.24
6654,25804,0.2578841,2.97
6654,47273,0.1407662,2.97
6654,27596,0.2411379,2.97
6157,6964,0.8840971,3.16
6157,18750,0.3283655,3.16
8503,11736,0.7244824,3.74
8503,22132,0.3841734,3.74
8503,55536,0.1530994,3.74
8503,19227,0.442218,3.74
8503,22283,0.3815701,3.74
7678,63490,0.1209391,3.29
7678,32713,0.2347208,3.29
7678,20393,0.3765224,3.29
7678,22174,0.3462804,3.29
7678,33575,0.2286946,3.29
7678,30115,0.25497,3.29
7939,20711,0.3833137,3.83
7939,20711,0.3833137,3.83
5496,20436,0.2689489,2.3
5496,20436,0.2689489,2.3
5008,58114,0.0861804,2.29
5008,57895,0.0865064,2.29
6830,37679,0.1812744,2.82
6830,37969,0.1798898,2.82
6830,51757,0.1319674,2.82
6830,52595,0.1298647,2.82
6830,85781,0.0796241,2.82
6830,46809,0.1459172,2.82
8994,38056,0.2363412,3.83
8994,38056,0.2363412,3.83
5417,44194,0.1225731,2.56
5417,23542,0.2300993,2.56
7570,35759,0.2116904,3.94
7570,36205,0.2090827,3.94
6188,34259,0.1806162,2.7
6188,33333,0.1856338,2.7
5399,177763,0.0303721,2.26
5399,177763,0.0303721,2.26
6532,6932,0.9423334,2.94
6532,21042,0.3104389,2.94
6444,24028,0.2681846,2.69
7758,21599,0.3591856,3.37
7758,16221,0.4782719,3.37
7758,20507,0.3783122,3.37
8725,11875,0.7347585,3.87
8725,11875,0.7347585,3.87
4801,45833,0.1047605,2.28
4801,45833,0.1047605,2.28
8725,28871,0.3022134,4.09
8725,29395,0.2968261,4.09
5743,56696,0.1012983,2.38
5743,55714,0.1030837,2.38
5503,226071,0.0243409,2.48
5503,225357,0.024418,2.48
8922,20077,0.4443992,4.08
8922,20596,0.4332008,4.08
8136,15592,0.5217974,3.61
8136,17833,0.4562253,3.61
8136,16653,0.4885525,3.61
9722,31932,0.3044457,4.4
9722,31484,0.3087778,4.4
9722,31743,0.3062584,4.4
7572,10851,0.69784,3.22
7572,26615,0.2845111,3.22
7572,11436,0.6621425,3.22
7732,38250,0.2021396,3.22
7144,19511,0.3661395,2.95
7144,23229,0.3075358,2.95
7144,41994,0.1701135,2.95
7144,41220,0.1733078,2.95
8133,60298,0.134873,3.32
8133,40703,0.1998028,3.32
8133,53409,0.1522697,3.32
8133,54735,0.1485808,3.32
8048,50263,0.1601125,3.44
8048,37286,0.2158379,3.44
8048,33036,0.243605,3.44
8048,61202,0.1314946,3.44
8048,36000,0.2235481,3.44
8048,37500,0.2146062,3.44
5585,27163,0.2056175,2.69
5585,26250,0.2127691,2.69
5585,48167,0.1159547,2.69
5585,26622,0.209796,2.69
5585,31354,0.1781332,2.69
7804,105662,0.0738573,3.24
7804,46970,0.1661468,3.24
7804,41000,0.1903394,3.24
7804,47566,0.164065,3.24
7352,29531,0.2489702,3.09
7352,17333,0.4241816,3.09
7352,53214,0.1381655,3.09
7352,27390,0.2684315,3.09
7352,26802,0.2743205,3.09
7299,21932,0.3327882,3.59
7299,32083,0.2274947,3.59
7299,17642,0.4137122,3.59
7299,34355,0.2124497,3.59
7299,25750,0.2834451,3.59
9393,34100,0.27544,4.12
9393,28151,0.3336473,4.12
9393,24722,0.3799249,4.12
9393,28932,0.3246407,4.12
7367,24452,0.3012967,3.14
7367,56131,0.131252,3.14
7367,35711,0.2063036,3.14
7138,15980,0.4466589,3.27
7138,14792,0.4825317,3.27
7138,12469,0.5724284,3.27
7138,15957,0.4473027,3.27
5572,7256,0.7678523,2.31
5572,7256,0.7678523,2.31
7294,42000,0.1736734,3.05
7294,67750,0.1076647,3.05
7294,47000,0.1551975,3.05
7294,48958,0.1489906,3.05
5916,62589,0.0945261,2.5
5916,62821,0.094177,2.5
7566,46583,0.1624116,3.25
7566,56027,0.1350353,3.25
7566,46556,0.1625058,3.25
6119,22411,0.2730378,2.58
6119,77500,0.0789555,2.58
6119,100152,0.0610976,2.58
6584,49844,0.1320982,2.69
6584,52900,0.124467,2.69
6606,11792,0.5601979,2.77
6606,13176,0.501355,2.77
6606,41923,0.1575711,2.77
6606,19559,0.3377399,2.77
6699,37288,0.1796517,2.8
6699,33171,0.2019491,2.8
6699,59911,0.1118134,2.8
6699,39053,0.1715323,2.8
5557,87734,0.063338,2.47
5294,60089,0.0881091,2.45
5294,60089,0.0881091,2.45
6180,11726,0.5270031,2.61
6180,10119,0.6106966,2.61
8860,23625,0.3750064,3.76
8860,25968,0.3411709,3.76
8860,40625,0.2180807,3.76
8860,27180,0.3259576,3.76
7369,55833,0.1319802,3.1
7369,33750,0.2183363,3.1
7369,52850,0.1394295,3.1
7369,66723,0.1104394,3.1
7369,52813,0.1395272,3.1
7369,58333,0.1263239,3.1
5955,9643,0.6175607,2.75
9976,22929,0.4350809,4.15
9976,70286,0.141934,4.15
9976,23286,0.4284107,4.15
7279,28000,0.2599566,2.97
7279,31136,0.2337739,2.97
7648,32941,0.2321664,3.34
7648,32941,0.2321664,3.34
6517,35303,0.1845973,2.72
6517,35303,0.1845973,2.72
8939,20300,0.4403546,3.83
8939,49853,0.1793111,3.83
8939,23750,0.3763873,3.83
6633,12440,0.5331665,2.84
6633,11071,0.5990959,2.84
5345,40724,0.1312423,2.61
5345,30789,0.1735916,2.61
5345,30592,0.1747095,2.61
7204,39120,0.1841577,3.57
8085,47697,0.1695166,3.41
8085,51310,0.1575801,3.41
8085,32204,0.2510692,3.41
8085,47708,0.1694775,3.41
8085,55750,0.1450302,3.41
8085,46629,0.1733993,3.41
9681,20219,0.4788093,4.33
9681,19103,0.5067815,4.33
8074,11484,0.7030793,3.47
8074,32750,0.2465393,3.47
8074,13907,0.5805826,3.47
8074,17320,0.4661757,3.47
8074,26745,0.3018943,3.47
8074,35391,0.2281417,3.47
8074,19550,0.4130006,3.47
5853,13633,0.4293601,2.51
5853,50192,0.1166215,2.51
5853,18984,0.3083368,2.51
5913,119342,0.0495468,2.53
5913,66000,0.0895911,2.53
6767,35294,0.1917327,2.73
6767,33594,0.2014351,2.73
8540,8043,1.0618538,3.93
8540,9348,0.9136169,3.93
9502,19180,0.4953929,4.21
9502,18472,0.5143804,4.21
9502,39709,0.2392816,4.21
9502,36694,0.2589425,4.21
9502,37733,0.2518123,4.21
9943,68350,0.1454739,4.13
9943,68350,0.1454739,4.13
7470,37014,0.2018035,3.25
7470,16343,0.4570493,3.25
7470,26563,0.2812015,3.25
7470,67725,0.1102924,3.25
7470,35764,0.2088568,3.25
6898,14125,0.4883671,3.1
6898,14125,0.4883671,3.1
7230,11094,0.6516961,3.26
7230,72813,0.0992943,3.26
7230,12188,0.5931996,3.26
5205,25058,0.2076998,2.49
6587,19792,0.3328059,3.17
6587,52857,0.1246173,3.17
6587,18516,0.3557407,3.17
6587,41923,0.1571189,3.17
6587,9813,0.6712417,3.17
6587,27743,0.2374255,3.17
7792,22960,0.339369,3.57
7792,23816,0.3271714,3.57
7792,8321,0.9364155,3.57
7792,16302,0.4779728,3.57
7792,16354,0.4764531,3.57
6303,3804,1.656932,3.19
6303,4130,1.5261427,3.19
7894,30268,0.260807,3.68
7894,22500,0.3508492,3.68
7894,15978,0.494061,3.68
7894,19276,0.4095303,3.68
7894,20084,0.3930545,3.68
7561,27688,0.2730916,3.38
7561,14434,0.5238576,3.38
7561,14788,0.5113173,3.38
6503,37645,0.1727559,2.8
6503,38750,0.1678295,2.8
4756,35341,0.1345747,2.17
4756,29219,0.1627709,2.17
6744,38258,0.1762778,2.94
6744,38269,0.1762271,2.94
6744,37826,0.178291,2.94
6559,64398,0.1018566,2.94
6559,37741,0.1737994,2.94
6559,28429,0.2307278,2.94
6559,52656,0.1245701,2.94
6559,30450,0.2154142,2.94
6825,12500,0.5460104,3.27
6825,43199,0.1579928,3.27
6825,12473,0.5471923,3.27
6825,15117,0.4514871,3.27
6230,23654,0.2633614,2.68
6230,23654,0.2633614,2.68
8389,13393,0.6263965,3.84
8389,26010,0.3225424,3.84
8389,14330,0.5854381,3.84
6263,33426,0.1873595,2.8
6263,32292,0.193939,2.8
6263,31042,0.2017486,2.8
7984,18681,0.4273836,3.53
7984,26792,0.2979977,3.53
7984,25208,0.316723,3.53
6557,49223,0.1332123,2.9
6557,14271,0.4594709,2.9
6557,25357,0.2585917,2.9
6557,50946,0.128707,2.9
6557,44054,0.1488425,2.9
8974,20974,0.4278523,4.23
8974,20699,0.4335366,4.23
6104,15568,0.3920696,2.55
6917,43636,0.1585224,3.16
6917,19840,0.3486533,3.16
6917,23841,0.2901423,3.16
6917,35000,0.1976366,3.16
6917,23286,0.2970575,3.16
7457,83659,0.0891386,3.25
7457,53750,0.1387394,3.25
7457,22102,0.3374014,3.25
7457,32339,0.230596,3.25
7457,35324,0.2111099,3.25
5739,47708,0.1202993,2.4
5739,47708,0.1202993,2.4
6648,73306,0.0906913,2.86
6648,33900,0.1961126,2.86
6648,68889,0.0965062,2.86
6648,34550,0.1924231,2.86
7179,13984,0.5133826,3.2
7179,22964,0.3126259,3.2
7179,24051,0.2984966,3.2
7179,45441,0.1579882,3.2
7179,23350,0.3074579,3.2
7743,6685,1.1582804,3.65
7743,6685,1.1582804,3.65
6274,19706,0.3184048,2.88
6274,22847,0.2746305,2.88
6274,22844,0.2746666,2.88
8020,10893,0.7362601,3.46
8020,26583,0.3016996,3.46
8020,25748,0.3114837,3.46
8020,20028,0.4004434,3.46
8020,48698,0.1646902,3.46
8020,40201,0.1994995,3.46
8020,38841,0.2064849,3.46
8020,62019,0.1293165,3.46
8020,24600,0.3260196,3.46
6519,90224,0.0722494,2.8
6519,69079,0.0943648,2.8
6776,23438,0.2890832,2.86
6776,39214,0.1727835,2.86
6776,39456,0.1717238,2.86
12039,27875,0.4318838,5.85
12039,23750,0.5068952,5.85
5915,85192,0.0694351,2.57
5915,80982,0.0730448,2.57
7994,8952,0.8929986,3.44
7994,39401,0.2028914,3.44
7994,22789,0.3507887,3.44
7994,19267,0.4149127,3.44
7994,26528,0.3013466,3.44
7994,41857,0.1909865,3.44
7994,30929,0.2584669,3.44
7994,30852,0.259112,3.44
7994,22745,0.3514673,3.44
8667,22618,0.3831842,3.91
8667,27763,0.312173,3.91
8667,17963,0.482484,3.91
5770,206333,0.0279656,2.45
5770,63882,0.0903262,2.45
5770,72778,0.0792852,2.45
5770,70000,0.0824317,2.45
6033,51705,0.116675,2.68
6033,51364,0.1174496,2.68
6432,16768,0.3836163,2.71
6432,21908,0.2936132,2.71
6432,30469,0.2111155,2.71
5982,105114,0.0569119,2.5
5982,105114,0.0569119,2.5
8999,33750,0.2666473,4.04
8999,38214,0.2354987,4.04
7780,16691,0.4661458,3.24
7780,17243,0.4512231,3.24
7805,26250,0.2973234,3.25
7805,26250,0.2973234,3.25
6851,153365,0.0446739,3.02
6851,152596,0.0448991,3.02
7141,130673,0.0546486,2.95
7141,130673,0.0546486,2.95
7068,6944,1.0177991,3.34
7882,6823,1.1552388,3.25
7882,17656,0.4464315,3.25
9417,19207,0.4903146,4.06
9417,20362,0.4625023,4.06
9417,11765,0.8004651,4.06
9417,19886,0.473573,4.06
7683,56413,0.1361838,3.31
7683,31204,0.2462037,3.31
7683,33472,0.2295214,3.31
9175,38289,0.2396216,4.18
9175,17820,0.5148636,4.18
9175,39973,0.2295267,4.18
9175,20768,0.4417792,4.18
6858,18149,0.3778457,2.99
6858,18846,0.3638715,2.99
7783,6786,1.1469441,3.54
7783,6786,1.1469441,3.54
6665,70052,0.0951498,2.71
6665,62188,0.107182,2.71
12659,51477,0.2459076,5.44
12659,20362,0.621677,5.44
12659,45694,0.2770295,5.44
6523,48625,0.1341492,2.66
6523,76127,0.0856858,2.66
6523,75635,0.0862432,2.66
9323,27656,0.3370967,4.41
7012,27760,0.2525945,3.17
7012,42984,0.163131,3.17
7012,23828,0.2942767,3.17
7012,29436,0.2382125,3.17
7012,22250,0.3151472,3.17
7012,29524,0.2375025,3.17
10016,23542,0.4254606,4.27
10016,11667,0.8585064,4.27
6177,14591,0.4233457,2.87
6177,12813,0.4820914,2.87
6177,14190,0.4353091,2.87
7418,15521,0.477958,3.4
7418,14286,0.5192766,3.4
7418,39583,0.1874134,3.4
7418,112228,0.066101,3.4
7418,25352,0.2926154,3.4
6239,102538,0.0608467,2.52
6239,102538,0.0608467,2.52
5659,35554,0.1591571,2.7
5659,35750,0.1582845,2.7
6588,34438,0.1912934,2.85
6588,80197,0.0821447,2.85
6588,28306,0.2327337,2.85
6588,37941,0.1736317,2.85
6588,31418,0.2096811,2.85
7006,24250,0.2889151,3.21
7006,30554,0.2293052,3.21
7006,30159,0.2323084,3.21
5439,70227,0.0774442,2.63
5439,71705,0.0758479,2.63
7440,5536,1.3440007,3.26
7155,8199,0.8726073,3.54
7155,8199,0.8726073,3.54
8000,90852,0.0880527,3.36
8000,43750,0.1828517,3.36
8000,50357,0.158861,3.36
9170,25198,0.3639301,3.94
9170,25000,0.3668125,3.94
5982,15967,0.3746455,2.71
10512,15841,0.663586,4.74
10512,16154,0.6507284,4.74
6354,23295,0.2727658,2.81
6354,22614,0.2809798,2.81
8652,53508,0.1616945,3.76
8652,8917,0.970276,3.76
8652,9333,0.9270279,3.76
5333,48083,0.1109164,2.35
5333,48750,0.1093988,2.35
7949,37594,0.2114364,3.25
7949,28924,0.2748147,3.25
10139,12141,0.8350895,4.41
10139,12447,0.8145595,4.41
7911,32102,0.2464413,3.37
8733,13886,0.6289223,4.1
8733,13886,0.6289223,4.1
7191,11875,0.605546,3.18
7191,58804,0.1222852,3.18
7191,45089,0.1594814,3.18
7191,32540,0.2209852,3.18
7191,34113,0.2107953,3.18
7005,21111,0.3318352,2.99
7005,55134,0.1270608,2.99
7005,94318,0.074274,2.99
7005,52266,0.1340331,2.99
7196,32500,0.2214219,3.06
7196,70016,0.1027795,3.06
7196,52563,0.1369064,3.06
7622,17258,0.441622,3.51
7622,15743,0.4841207,3.51
7622,19162,0.397741,3.51
7622,13044,0.5842926,3.51
7622,17202,0.4430597,3.51
3550,17500,0.2028679,1.6
6948,14904,0.4661633,2.96
6948,14904,0.4661633,2.96
8952,14545,0.615474,3.66
8952,53295,0.167972,3.66
8952,15625,0.5729325,3.66
6231,53594,0.1162695,2.67
6231,53594,0.1162695,2.67
6263,70208,0.0892059,2.67
6263,36801,0.1701847,2.67
6263,78250,0.0800379,2.67
6263,46563,0.1345052,2.67
7583,59444,0.1275693,3.23
7583,51316,0.1477751,3.23
7583,36326,0.2087549,3.23
7583,75833,0.0999991,3.23
7583,43322,0.1750434,3.23
9244,15962,0.5791449,4.02
9244,45865,0.2015548,4.02
9244,26099,0.3542017,4.02
7270,200781,0.0362076,2.93
7270,108464,0.0670249,2.93
7270,108821,0.066805,2.93
6250,51635,0.121033,2.61
6250,51635,0.121033,2.61
6663,45688,0.1458291,2.78
7069,31574,0.2238876,2.97
7069,29219,0.2419326,2.97
7069,48229,0.1465721,2.97
7069,65469,0.1079752,2.97
7069,99583,0.0709863,2.97
7069,60982,0.1159199,2.97
7459,14716,0.506835,3.34
7459,30417,0.245211,3.34
7459,12679,0.5882628,3.34
7459,21810,0.34198,3.34
7459,20893,0.3569896,3.34
7459,31672,0.2354946,3.34
7459,5354,1.3930864,3.34
7459,23604,0.3159882,3.34
7383,10750,0.6867764,3.55
7383,6685,1.1043899,3.55
7335,46339,0.1582898,3.05
7335,33346,0.2199661,3.05
7335,45608,0.1608268,3.05
7335,39000,0.1880767,3.05
6620,26250,0.2521735,2.94
6620,20313,0.3258777,2.94
6307,24271,0.2598685,2.61
6307,24271,0.2598685,2.61
9280,42308,0.2193488,4.01
9280,13452,0.6898758,4.01
9280,21946,0.4228657,4.01
9280,21250,0.4367158,4.01
9280,22232,0.4174258,4.01
4479,45313,0.0988501,2.07
4479,45313,0.0988501,2.07
8258,77672,0.106319,3.61
8258,30985,0.2665164,3.61
8258,35391,0.2333365,3.61
8258,31338,0.2635143,3.61
7562,69400,0.1089588,3.15
7562,73011,0.1035699,3.15
7785,27155,0.2866959,3.25
7785,22289,0.3492856,3.25
7785,103077,0.0755283,3.25
7785,32019,0.243144,3.25
5892,58026,0.1015483,2.64
5892,18190,0.3239386,2.64
5892,29632,0.198854,2.64
5892,23468,0.2510841,2.64
8373,94236,0.0888507,3.58
8373,70464,0.1188257,3.58
8373,70911,0.1180766,3.58
6896,13077,0.5273269,2.85
6896,19632,0.3512558,2.85
6896,58352,0.1181768,2.85
6896,42151,0.1635988,2.85
8887,33565,0.2647843,3.86
8887,30271,0.2935974,3.86
8887,21763,0.408376,3.86
8887,34709,0.2560571,3.86
8887,42679,0.2082403,3.86
8887,37153,0.2392131,3.86
8887,28642,0.3102956,3.86
7801,46395,0.1681495,3.47
7801,23234,0.3357707,3.47
7801,55446,0.1407008,3.47
7801,30912,0.2523712,3.47
8033,60208,0.1334158,3.54
8033,43750,0.1836045,3.54
6141,42875,0.1432348,2.66
6141,43188,0.1421968,2.66
6813,14688,0.4638555,3.02
6813,83333,0.0817576,3.02
5650,16250,0.347672,2.52
5650,19722,0.2864654,2.52
7996,66722,0.119845,3.47
9249,78095,0.1184371,4.15
9249,16080,0.5752081,4.15
6781,46000,0.1474131,2.96
6781,46000,0.1474131,2.96
6487,112788,0.0575179,2.81
6487,24120,0.2689604,2.81
6487,26291,0.2467508,2.81
6487,69250,0.0936798,2.81
6487,35348,0.1835273,2.81
7688,53214,0.1444801,3.36
7688,53214,0.1444801,3.36
7954,30556,0.2603098,3.41
7954,36058,0.2205898,3.41
7954,35579,0.2235596,3.41
7954,37604,0.2115207,3.41
7954,35841,0.2219253,3.41
9876,16210,0.6092725,4.69
9876,8516,1.1597356,4.69
9876,15444,0.6394916,4.69
5625,18413,0.305499,2.55
5625,18413,0.305499,2.55
6604,42097,0.1568798,2.87
6604,23514,0.2808612,2.87
6604,37019,0.1783995,2.87
6604,48359,0.1365655,2.87
6604,32262,0.2047043,2.87
7580,15234,0.4975417,3.58
7580,21635,0.3503374,3.58
7580,20451,0.37062,3.58
7580,15625,0.4850912,3.58
7580,24766,0.3060466,3.58
7580,20000,0.3789775,3.58
7263,33203,0.2187313,3.22
7263,12800,0.5673856,3.22
7487,43355,0.1726983,3.2
7487,43355,0.1726983,3.2
8283,95300,0.0869102,3.64
8283,16354,0.5064536,3.64
8283,32245,0.2568629,3.64
8283,41406,0.2000324,3.64
8283,37934,0.2183409,3.64
5278,47632,0.110808,2.24
5278,29545,0.178643,2.24
6920,11091,0.6239269,3.09
6920,82568,0.0838094,3.09
6920,15909,0.4349722,3.09
6317,44861,0.1408139,2.65
6317,32222,0.1960478,2.65
6317,93214,0.0677693,2.65
6317,81111,0.0778816,2.65
5280,32847,0.1607332,2.61
5280,32847,0.1607332,2.61
9351,15625,0.5984918,4.72
7172,38468,0.1864404,3.07
7172,48750,0.1471178,3.07
7172,38911,0.1843178,3.07
9362,31728,0.295067,3.84
9362,36500,0.25649,3.84
9362,35268,0.2654499,3.84
5552,26102,0.2127097,2.57
5552,30371,0.1828109,2.57
5552,28319,0.1960574,2.57
7546,40625,0.1857417,3.53
7546,9565,0.7888924,3.53
8762,24605,0.3561028,3.74
8762,48750,0.1797315,3.74
6728,16824,0.3999175,3.18
6728,17213,0.3908797,3.18
7148,14769,0.4840196,3.28
7148,16852,0.4241921,3.28
7148,30625,0.2334199,3.28
7148,33980,0.2103733,3.28
7148,27479,0.2601436,3.28
6314,9597,0.6579062,3.09
6314,9597,0.6579062,3.09
9250,30363,0.3046536,3.81
9250,30363,0.3046536,3.81
6234,56429,0.1104754,2.6
6234,56143,0.1110382,2.6
9527,38768,0.2457439,4.01
9527,28387,0.3356114,4.01
9527,34609,0.2752752,4.01
9527,43304,0.2200028,4.01
9527,34922,0.272808,4.01
7018,81364,0.0862509,2.99
7018,21921,0.3201366,2.99
7018,22740,0.3086066,2.99
7018,55566,0.1262951,2.99
7018,9290,0.7554052,2.99
7018,38639,0.1816226,2.99
7429,48083,0.154499,3.13
7429,95259,0.077985,3.13
9556,17300,0.5523732,4.1
9556,59911,0.1595042,4.1
9556,49280,0.1939135,4.1
5772,79375,0.0727145,2.37
5772,79154,0.0729175,2.37
8539,63397,0.1346883,3.6
8539,39423,0.2165953,3.6
8539,49107,0.1738822,3.6
6931,32500,0.213258,3.01
6931,13681,0.5066066,3.01
6931,12250,0.5657865,3.01
7987,22417,0.3562954,3.56
7987,14653,0.5450811,3.56
7317,6250,1.1707007,3.29
7317,22186,0.3297971,3.29
7317,21677,0.3375411,3.29
7317,20783,0.3520608,3.29
7317,16985,0.4307848,3.29
7317,48750,0.1500898,3.29
7317,19219,0.3807107,3.29
7317,16713,0.4377957,3.29
7317,23292,0.314137,3.29
6569,132550,0.0495563,2.95
6569,18406,0.3568779,2.95
6569,32303,0.2033462,2.95
6569,31447,0.2088814,2.95
8203,10708,0.766051,3.77
8203,10708,0.766051,3.77
6711,15893,0.4222751,2.82
6711,15491,0.4332334,2.82
7378,20850,0.353852,3.16
7378,49917,0.1478016,3.16
7378,23060,0.3199399,3.16
6788,57130,0.1188177,3.24
6788,21875,0.310311,3.24
6788,21925,0.3096034,3.24
6788,93287,0.0727653,3.24
6788,37900,0.1791043,3.24
6788,24766,0.2740876,3.24
6788,32115,0.2113671,3.24
6634,20160,0.3290917,3.02
6634,17117,0.3875964,3.02
6634,17157,0.3866928,3.02
6290,56912,0.1105195,2.64
6290,56618,0.1110934,2.64
8143,56696,0.1436194,3.45
8143,73125,0.1113524,3.45
8143,56295,0.1446425,3.45
7986,24758,0.3225579,3.55
7986,22250,0.3589163,3.55
7986,23351,0.3419934,3.55
8226,16875,0.4874734,3.55
8226,40263,0.2043095,3.55
8226,28172,0.2919961,3.55
8226,37938,0.2168304,3.55
8226,33399,0.2462982,3.55
9133,13696,0.6668102,4.26
9133,13261,0.6886836,4.26
7907,56944,0.1388562,3.36
7907,73007,0.108305,3.36
7907,29509,0.267953,3.36
7907,46099,0.1715227,3.36
7907,80163,0.0986369,3.36
7907,41156,0.1921233,3.36
6828,23516,0.2903719,2.98
6828,35563,0.1920082,2.98
6828,37273,0.1831993,2.98
6828,35121,0.1944246,2.98
6577,19688,0.3340783,2.81
6577,41629,0.1579988,2.81
6577,41674,0.1578282,2.81
6854,81458,0.0841406,2.88
6854,210333,0.0325861,2.88
6854,155865,0.0439735,2.88
6808,78722,0.0864871,2.84
6808,78722,0.0864871,2.84
8247,22917,0.3598817,3.79
8247,22917,0.3598817,3.79
8758,66912,0.1308841,3.67
8758,66250,0.132192,3.67
5850,12417,0.4711561,2.66
5850,21241,0.275427,2.66
5850,9458,0.6185605,2.66
5850,20000,0.2925172,2.66
8504,55167,0.1541454,3.74
8504,19922,0.4268518,3.74
8504,25022,0.3398506,3.74
8504,43682,0.1946738,3.74
8504,24861,0.3420515,3.74
8504,26899,0.316136,3.74
5783,34861,0.1658797,2.59
5783,42757,0.1352464,2.59
5783,36908,0.1566796,2.59
7399,70458,0.1050104,3.21
7399,60446,0.1224039,3.21
7399,62396,0.1185785,3.21
7399,61375,0.1205511,3.21
9698,9259,1.0473687,4.49
9698,9259,1.0473687,4.49
8702,48235,0.1804104,3.67
8702,35924,0.2422363,3.67
8702,36467,0.2386294,3.67
6768,33851,0.1999273,2.85
6768,35887,0.1885847,2.85
6768,33446,0.2023482,2.85
6395,6474,0.987815,2.74
6395,20197,0.3166368,2.74
6395,17051,0.375058,2.74
6395,41250,0.1550331,2.74
6395,13958,0.4581684,2.74
6395,20987,0.3047179,2.74
8528,58281,0.1463245,3.69
8528,22500,0.3790196,3.69
8528,20449,0.4170346,3.69
8528,37906,0.224976,3.69
8528,24375,0.3498642,3.69
8528,23789,0.3584825,3.69
6280,59386,0.1057514,2.68
6280,60844,0.1032173,2.68
6280,40679,0.1543832,2.68
6280,84523,0.0743011,2.68
6280,24688,0.2543808,2.68
6280,62246,0.1008925,2.68
7156,134006,0.0533995,3.18
7156,133686,0.0535273,3.18
6770,25069,0.2700503,2.95
6770,12656,0.5349155,2.95
6770,24980,0.2710124,2.95
9275,35525,0.2610845,3.96
9275,23161,0.4004588,3.96
9275,24959,0.3716105,3.96
7629,16944,0.4502362,3.46
7629,22361,0.3411655,3.46
7629,16368,0.4660803,3.46
7629,19620,0.3888278,3.46
7629,18098,0.4215273,3.46
8406,15000,0.5603832,3.81
8406,15000,0.5603832,3.81
9294,19338,0.480633,4.09
9294,18636,0.498738,4.09
7517,34306,0.2191056,3.22
7517,11902,0.6315441,3.22
7517,23785,0.3160243,3.22
7517,38799,0.1937328,3.22
7517,50750,0.1481111,3.22
7517,25884,0.2903971,3.22
7831,4412,1.7749069,3.54
7962,20417,0.3899797,3.63
7962,28000,0.2843648,3.63
7962,23750,0.3352512,3.63
7142,14813,0.4821191,3.31
7142,28384,0.2516076,3.31
6663,78026,0.08539,2.78
6663,78026,0.08539,2.78
6577,93262,0.0705222,2.72
6577,93262,0.0705222,2.72
5618,94063,0.0597232,2.35
5618,94063,0.0597232,2.35
8988,9243,0.9724459,3.89
8988,16250,0.5531272,3.89
8988,20230,0.4443063,3.89
8988,39135,0.2296746,3.89
8988,21316,0.42167,3.89
6464,59375,0.1088707,2.81
6464,41702,0.1550093,2.81
6464,39464,0.1637999,2.81
6464,40667,0.1589544,2.81
8841,61607,0.1434988,3.62
8841,65909,0.1341324,3.62
9627,25192,0.3821421,4.06
9627,30332,0.3173851,4.06
7136,84583,0.0843693,3.02
7136,54559,0.130798,3.02
7136,59293,0.120355,3.02
6644,30982,0.2144529,2.94
6644,30982,0.2144529,2.94
7149,21852,0.3271389,2.98
7149,21852,0.3271389,2.98
6768,27396,0.2470565,3.09
6768,41550,0.1628968,3.09
6768,25167,0.2689379,3.09
6768,22042,0.3070666,3.09
6768,31000,0.2183342,3.09
6760,11767,0.574525,3.23
6760,11767,0.574525,3.23
4923,117167,0.042017,2.24
4923,115583,0.0425928,2.24
7867,32036,0.2455648,3.49
7867,33177,0.2371195,3.49
7867,36944,0.2129416,3.49
7867,45156,0.1742164,3.49
7867,26544,0.2963726,3.49
7867,32326,0.2433618,3.49
7561,13611,0.5554707,3.29
7561,15104,0.5005636,3.29
8507,57647,0.147562,3.65
8507,29250,0.2908207,3.65
7806,37473,0.2083153,3.32
7806,22273,0.3504781,3.32
7806,53750,0.1452316,3.32
7806,36726,0.2125524,3.32
6737,26250,0.2566485,3.04
6737,52949,0.1272361,3.04
6737,41304,0.1631083,3.04
8329,16382,0.5084348,3.72
8329,16382,0.5084348,3.72
6287,45156,0.1392284,2.65
6287,26699,0.235477,2.65
6287,70125,0.0896542,2.65
6287,44545,0.1411382,2.65
6722,54271,0.1238669,2.9
6722,35506,0.1893308,2.9
6722,41500,0.1619851,2.9
6722,65592,0.1024878,2.9
6722,44593,0.1507497,2.9
5295,11625,0.4554752,2.38
5295,42039,0.1259521,2.38
5295,41445,0.1277572,2.38
7490,42308,0.1770424,3.3
7490,22244,0.336734,3.3
5496,4205,1.3070725,2.3
5496,4205,1.3070725,2.3
5099,5250,0.9712125,2.35
5510,15969,0.3450243,2.34
5510,15969,0.3450243,2.34
9292,22153,0.4194301,4
9292,29619,0.3137053,4
9292,24527,0.378833,4
9292,35581,0.2611404,4
9292,26126,0.3556471,4
9054,11583,0.7816683,4.03
9054,11583,0.7816683,4.03
7743,22853,0.3388135,3.34
7743,34830,0.2223056,3.34
7743,23071,0.335612,3.34
8367,18588,0.4501191,3.83
8367,19322,0.4330201,3.83
8367,46688,0.179207,3.83
8367,19599,0.4269001,3.83
8694,122159,0.071167,3.9
8694,107381,0.0809612,3.9
5653,28242,0.2001493,2.65
5653,27042,0.209031,2.65
6254,41385,0.1511279,2.91
6254,47344,0.132106,2.91
6254,43672,0.1432137,2.91
6890,18871,0.3651266,3.04
6890,50250,0.1371205,3.04
6890,19315,0.3567333,3.04
7165,26071,0.2748297,3.13
7165,25670,0.279123,3.13
7165,23533,0.3044697,3.13
7165,24154,0.2966418,3.13
5544,8750,0.6335497,2.89
5544,8750,0.6335497,2.89
5744,39018,0.1472245,2.69
7084,11204,0.6322354,3.44
7084,33125,0.2138435,3.44
7084,17039,0.4157266,3.44
8429,39050,0.215847,3.71
8429,39171,0.2151803,3.71
7139,60536,0.1179268,3.14
7139,34583,0.2064257,3.14
7139,23504,0.3037278,3.14
7139,35472,0.2012522,3.14
7139,9966,0.7163173,3.14
7139,27899,0.2558808,3.14
7696,34038,0.2260976,3.25
7696,48696,0.1580399,3.25
7696,38491,0.1999405,3.25
7696,52679,0.1460907,3.25
7696,45667,0.1685224,3.25
7696,46179,0.1666539,3.25
6554,2656,2.4676846,2.71
6554,51875,0.1263455,2.71
6554,46250,0.1417118,2.71
6152,51719,0.1189571,2.57
6152,51719,0.1189571,2.57
6933,39635,0.1749128,2.85
6933,16587,0.417958,2.85
6933,24402,0.2841025,2.85
6933,46836,0.1480201,2.85
6933,42500,0.1631216,2.85
7443,37212,0.2000186,3.47
7443,82717,0.0899826,3.47
7443,59375,0.1253574,3.47
6575,7132,0.9218627,2.72
6575,55301,0.1188898,2.72
6575,54028,0.1216911,2.72
6575,46667,0.140886,2.72
6575,55000,0.1195404,2.72
6501,3849,1.6891366,2.95
6501,25254,0.2574438,2.95
6501,23333,0.2786391,2.95
5152,25361,0.2031362,2.52
6600,11621,0.5679594,2.95
6600,24559,0.268751,2.95
6600,8365,0.7890324,2.95
6600,17191,0.3839367,2.95
6600,23852,0.2767171,2.95
6600,17552,0.3760401,2.95
7746,36506,0.2121871,3.29
7746,28659,0.2702852,3.29
7746,46763,0.165646,3.29
7746,16611,0.4663237,3.29
7746,36859,0.210155,3.29
7038,53681,0.1311028,3.01
7038,49542,0.1420558,3.01
7038,26791,0.2626901,3.01
7038,42073,0.1672743,3.01
7038,12500,0.5630185,3.01
7038,42073,0.1672743,3.01
6947,49792,0.1395257,3.16
6947,16574,0.4191663,3.16
6947,21707,0.3200471,3.16
6947,54145,0.1283085,3.16
6947,31369,0.221469,3.16
7124,16516,0.4313599,2.97
7124,16516,0.4313599,2.97
9271,23750,0.3903773,4.12
9271,14643,0.6331667,4.12
9271,21891,0.4235284,4.12
9388,12014,0.7813942,4.06
9388,27047,0.3470873,4.06
9388,30540,0.3073893,4.06
9388,31652,0.2965901,4.06
9388,16354,0.574029,4.06
9388,30014,0.3127764,4.06
8995,19342,0.4650294,4.32
8995,19342,0.4650294,4.32
7287,14798,0.4924216,3.25
7287,27156,0.2683331,3.25
7287,25122,0.2900587,3.25
7287,40234,0.1811119,3.25
7287,15694,0.4643083,3.25
7287,26825,0.2716442,3.25
7533,39063,0.1928423,3.41
7533,27344,0.27549,3.41
7533,22045,0.3417101,3.41
7533,26307,0.2863496,3.41
7410,6976,1.0622381,3.08
7410,7097,1.0441275,3.08
6994,29032,0.2408994,3.22
6994,29113,0.2402292,3.22
6779,31699,0.2138565,3
6779,33125,0.2046502,3
8231,30278,0.2718451,3.66
8231,31806,0.2587853,3.66
6749,66083,0.1021247,2.79
6749,61204,0.1102658,2.79
7655,42417,0.1804706,3.38
7655,24550,0.3118136,3.38
7655,24650,0.3105486,3.38
7714,10658,0.723805,3.44
7714,41979,0.183766,3.44
7714,14551,0.5301569,3.44
11985,32763,0.3657965,5.36
11985,60469,0.198194,5.36
11985,31250,0.3835069,5.36
8090,41576,0.1945858,3.5
8090,30526,0.2650232,3.5
8090,26863,0.3011614,3.5
8090,38625,0.2094524,3.5
8090,68390,0.1182936,3.5
8090,30383,0.2662706,3.5
6365,83882,0.0758783,2.83
6365,32159,0.1979172,2.83
6365,40363,0.1576895,2.83
6365,41895,0.1519231,2.83
7266,12188,0.5961864,3.15
7266,19053,0.381374,3.15
7266,59808,0.1214941,3.15
7266,19735,0.3681945,3.15
6750,50357,0.1340469,2.98
6750,25500,0.2647137,2.98
6750,43695,0.1544845,2.98
6750,42668,0.1582029,2.98
7370,82917,0.0888882,2.97
7370,82917,0.0888882,2.97
11069,26364,0.4198499,4.95
7634,13967,0.5466085,3.41
7634,40581,0.1881295,3.41
7634,14859,0.5137951,3.41
7709,158750,0.0485605,3.37
7709,57083,0.1350486,3.37
6874,50000,0.137472,3.07
6874,38242,0.1797395,3.07
6874,38781,0.1772414,3.07
7980,36458,0.2188708,3.37
7980,32357,0.246611,3.37
8259,45521,0.1814325,3.52
8259,32768,0.2520443,3.52
8259,56731,0.1455816,3.52
8259,37339,0.2211893,3.52
7163,21216,0.3376314,3.23
7163,15577,0.4598567,3.23
7163,43400,0.1650504,3.23
7163,22313,0.3210321,3.23
7163,27835,0.2573446,3.23
6335,44000,0.1439716,2.78
6335,19177,0.3303306,2.78
6335,32393,0.1955592,2.78
6335,48264,0.1312521,2.78
6335,30536,0.2074519,2.78
6335,42500,0.1490529,2.78
6901,26250,0.2629062,3.06
6901,26250,0.2629062,3.06
6724,67614,0.0994487,2.75
6724,100917,0.0666302,2.75
6724,88490,0.0759874,2.75
8655,32835,0.263598,3.6
8903,45938,0.1938089,3.71
8903,36161,0.2462098,3.71
8903,14196,0.6271622,3.71
8903,36451,0.244251,3.71
9861,23000,0.4287282,4.2
9861,19762,0.4989752,4.2
9861,36731,0.2684585,4.2
9861,21464,0.4594087,4.2
7344,3702,1.9838823,3.2
7344,3702,1.9838823,3.2
7009,18548,0.3779053,3.15
7009,26030,0.2692811,3.15
7009,25762,0.2720824,3.15
7009,24424,0.2869877,3.15
7009,21285,0.3293111,3.15
7009,36797,0.190488,3.15
7009,34081,0.2056685,3.15
7009,92750,0.0755729,3.15
7009,27648,0.2535224,3.15
7010,39688,0.1766389,3.19
7010,18929,0.3703548,3.19
7010,23234,0.3017322,3.19
8393,32917,0.2549731,3.77
8393,13839,0.6064708,3.77
8393,21599,0.3885805,3.77
8393,40287,0.208329,3.77
8393,30234,0.2775997,3.77
8393,22784,0.3683703,3.77
5832,14063,0.4147351,2.78
6785,15863,0.4276987,3.2
5368,75221,0.0713603,2.34
5368,67143,0.0799456,2.34
5368,67411,0.0796278,2.34
7471,44688,0.1671791,3.01
8825,22750,0.387927,3.67
8825,22750,0.387927,3.67
8387,75972,0.1104013,3.68
8387,19824,0.4230935,3.68
8387,19990,0.4195801,3.68
8387,26045,0.3220352,3.68
8387,21554,0.3891345,3.68
8387,20758,0.4040565,3.68
7348,87598,0.0838817,3.23
7348,26094,0.2815922,3.23
7348,65326,0.11248,3.23
7348,57868,0.1269763,3.23
7348,53421,0.1375464,3.23
6647,44327,0.1499443,2.85
6647,27083,0.2454152,2.85
6647,43182,0.1539202,2.85
6647,43750,0.1519218,2.85
6647,39756,0.1671843,2.85
5422,24967,0.2171516,2.48
5422,42344,0.1280376,2.48
5422,38229,0.1418197,2.48
6950,12260,0.5669106,2.9
6950,47313,0.1469009,2.9
6950,35583,0.1953271,2.9
6950,40599,0.1711945,2.9
5025,4779,1.0515419,2.5
6778,15750,0.430352,3.25
6778,36139,0.1875548,3.25
6778,25760,0.2631228,3.25
6778,20295,0.3339761,3.25
6778,16548,0.409599,3.25
6778,43979,0.15412,3.25
6778,35804,0.1893097,3.25
6778,78623,0.0862094,3.25
6778,28128,0.2409714,3.25
7578,61339,0.1235383,3.18
7578,41406,0.1830101,3.18
7578,48125,0.1574591,3.18
7578,49196,0.1540312,3.18
9373,28715,0.3263999,4.16
9373,28715,0.3263999,4.16
7471,32589,0.2292507,3.27
7471,39156,0.1908022,3.27
7471,22564,0.3311049,3.27
7471,27446,0.2722091,3.27
7471,26897,0.2777652,3.27
7471,67545,0.1106085,3.27
7471,52652,0.1418949,3.27
7471,34410,0.2171186,3.27
7534,26413,0.285246,3.25
7534,17778,0.4237935,3.25
7534,91250,0.0825666,3.25
7534,21044,0.3580214,3.25
8295,9375,0.8847982,3.63
8295,28654,0.2894878,3.63
8295,16020,0.5177892,3.63
8295,16956,0.4892064,3.63
9074,13125,0.6913514,4.23
9074,11607,0.7817685,4.23
7562,42768,0.1768139,3.33
7562,43281,0.1747182,3.33
7562,38518,0.1963232,3.33
7562,25749,0.2936805,3.33
7562,33393,0.226454,3.33
7562,55196,0.1370023,3.33
7562,35349,0.2139234,3.33
7562,39219,0.1928142,3.33
7562,34520,0.2190608,3.33
8581,5694,1.5070459,3.94
8581,51429,0.1668537,3.94
8581,33269,0.2579314,3.94
7212,41696,0.1729761,3.07
7212,50369,0.1431915,3.07
7212,48851,0.147641,3.07
6949,26818,0.25913,3.09
6949,34566,0.2010458,3.09
6949,30934,0.2246508,3.09
6949,34931,0.198945,3.09
6949,62321,0.1115089,3.09
6949,32518,0.2137077,3.09
7811,37321,0.2092844,3.29
7811,44548,0.1753323,3.29
7811,49426,0.1580282,3.29
7811,44920,0.1738803,3.29
5583,30288,0.1843178,2.52
5583,34167,0.1633921,2.52
5583,32721,0.1706126,2.52
6841,95769,0.0714354,3.26
6841,34648,0.1974515,3.26
6841,23245,0.2943128,3.26
6841,44583,0.1534509,3.26
6841,23929,0.2859,3.26
6841,29052,0.2354847,3.26
6214,38295,0.1622655,2.51
6214,93750,0.0662822,2.51
6214,52045,0.1193959,2.51
7999,6528,1.2254062,3.3
6424,53594,0.1198727,2.85
6424,41136,0.1561761,2.85
6424,23854,0.2693242,2.85
6424,19886,0.3230644,2.85
6424,67237,0.0955495,2.85
6424,105238,0.061047,2.85
6424,52008,0.1235283,2.85
6840,40093,0.1705915,3.26
5547,70341,0.0788592,2.57
5547,72386,0.0766314,2.57
6840,40093,0.1705915,3.26
6876,19615,0.3505683,3.17
6876,23275,0.2954414,3.17
6876,13750,0.5001016,3.17
6876,48000,0.1432583,3.17
6876,20639,0.3331749,3.17
6084,41875,0.1453003,2.88
6084,41875,0.1453003,2.88
6412,162545,0.0394447,2.85
6412,46174,0.138856,2.85
6412,24527,0.2614073,2.85
6412,70625,0.0907828,2.85
6412,39186,0.1636181,2.85
6140,102628,0.059825,2.66
6140,55395,0.1108352,2.66
6140,66696,0.0920552,2.66
6140,69265,0.088641,2.66
6140,67540,0.0909049,2.66
8175,12461,0.6560254,3.84
8175,40795,0.2003857,3.84
8175,15840,0.5160816,3.84
9539,33125,0.2879728,4.17
9539,22292,0.4279158,4.17
9539,24582,0.3880522,4.17
9539,36983,0.257932,4.17
9539,22417,0.4255297,4.17
9539,26610,0.358478,4.17
6728,22273,0.3020544,2.97
6728,30938,0.2174561,2.97
6728,26801,0.2510226,2.97
7174,37117,0.1932906,3.12
7174,11941,0.6008179,3.12
7174,40606,0.1766824,3.12
7174,60000,0.1195728,3.12
7174,33080,0.2168793,3.12
7174,39922,0.1797096,3.12
7506,52130,0.1439824,3.15
7506,29917,0.2508876,3.15
7506,27989,0.2681698,3.15
7506,51307,0.146292,3.15
7506,44427,0.1689469,3.15
7506,43557,0.1723214,3.15
5828,21750,0.2679559,2.61
5828,39479,0.1476238,2.61
5828,12167,0.4790039,2.61
5828,36050,0.1616655,2.61
9470,33269,0.2846602,4
9470,39886,0.2374357,4
9470,35268,0.2685256,4
8096,11599,0.6980205,3.37
8096,11599,0.6980205,3.37
8130,36111,0.2251463,3.64
8130,35500,0.2290213,3.64
8130,24327,0.3342071,3.64
8130,25295,0.3214176,3.64
8130,67727,0.1200445,3.64
8130,25147,0.3233092,3.64
6419,44735,0.1434965,2.67
6419,29389,0.2184258,2.67
6419,22171,0.2895366,2.67
6419,56280,0.1140603,2.67
6419,49028,0.1309316,2.67
6419,44631,0.1438309,2.67
8497,20189,0.4208746,3.7
8497,34886,0.2435658,3.7
8497,22099,0.3844987,3.7
9608,77375,0.1241706,3.86
9608,19429,0.4945029,3.86
6981,3948,1.7681473,3.14
6981,31000,0.2251821,3.14
6981,15163,0.4603736,3.14
6981,25858,0.2699608,3.14
6981,36091,0.1934179,3.14
6981,12008,0.5813329,3.14
6981,32137,0.2172152,3.14
5694,14500,0.3927006,2.36
5694,14500,0.3927006,2.36
7934,54958,0.1443724,3.33
7934,58060,0.136659,3.33
6412,37971,0.1688726,3.03
6412,34470,0.1860244,3.03
6412,27552,0.2327331,3.03
6412,32917,0.1948009,3.03
6164,39934,0.1543585,2.69
6164,51188,0.1204218,2.69
7023,115938,0.0605721,2.99
7023,29085,0.2414513,2.99
7023,76979,0.0912276,2.99
7119,26667,0.2669575,2.87
5204,36977,0.1407272,2.16
5204,36977,0.1407272,2.16
6724,36797,0.1827251,2.9
6724,36172,0.1858823,2.9
6053,41458,0.1459919,2.6
6053,39132,0.1546696,2.6
6332,19286,0.3283103,2.62
5635,76250,0.0739051,2.4
5635,28906,0.1949515,2.4
6020,133750,0.0450111,2.5
6020,92125,0.0653485,2.5
6020,60417,0.0996447,2.5
6020,87614,0.0687132,2.5
9346,3869,2.4156061,4.3
9346,4226,2.2115428,4.3
7404,84732,0.0873828,3.34
7404,45250,0.1636269,3.34
7404,26086,0.2838349,3.34
7404,40099,0.1846459,3.34
7404,31344,0.2362212,3.34
7404,34216,0.2163934,3.34
6171,34653,0.1780703,2.65
6171,31831,0.1938573,2.65
6171,33623,0.1835253,2.65
9074,14348,0.6324389,4.47
9074,13152,0.6899508,4.47
7690,15332,0.5015823,3.5
7690,19545,0.3934643,3.5
7690,15969,0.4815743,3.5
6459,3795,1.7020196,3.23
6459,5585,1.15652,3.23
9179,13017,0.7051287,4.02
9179,21282,0.4312875,4.02
9179,14871,0.6172188,4.02
6979,102976,0.0677686,2.91
6979,102976,0.0677686,2.91
8001,17366,0.4607508,3.44
8001,17366,0.4607508,3.44
5537,28750,0.192605,2.45
5537,28750,0.192605,2.45
7776,30884,0.2517796,3.62
7776,24167,0.3217595,3.62
6850,15323,0.4470532,2.98
6850,15323,0.4470532,2.98
6019,66471,0.0905582,2.77
6019,54375,0.1107033,2.77
6019,65151,0.092393,2.77
8158,40208,0.202887,3.38
8158,40451,0.2016682,3.38
8158,69917,0.1166766,3.38
8158,42240,0.1931269,3.38
7342,44661,0.1644038,3.06
7342,37969,0.1933798,3.06
7342,54890,0.1337664,3.06
7342,35781,0.205205,3.06
7342,47034,0.1561092,3.06
6413,130625,0.0490926,2.81
6413,130625,0.0490926,2.81
5544,15921,0.3482017,2.58
5544,69632,0.0796145,2.58
5544,67868,0.0816838,2.58
8124,16866,0.4816807,3.67
8124,43750,0.185692,3.67
8124,20579,0.3947727,3.67
6794,67784,0.1002366,2.91
6794,52961,0.1282914,2.91
6553,56302,0.1163815,2.71
6553,76635,0.0855029,2.71
5326,23304,0.2285363,2.34
5326,23304,0.2285363,2.34
5224,9176,0.5692685,2.29
5224,24563,0.2126616,2.29
5224,24406,0.2140296,2.29
4067,28375,0.1433238,2.02
4067,28375,0.1433238,2.02
9557,12379,0.7719975,4.29
9557,11048,0.8650034,4.29
9616,6761,1.4222709,4.27
9616,29010,0.331471,4.27
9616,77679,0.1237912,4.27
9616,28073,0.3425346,4.27
8861,21796,0.4065243,3.8
8861,21855,0.4054268,3.8
8861,21685,0.4086052,3.8
6747,13678,0.4932836,3
6747,48250,0.1398369,3
6747,20760,0.3250064,3
9303,24509,0.379576,3.84
9303,24196,0.3844862,3.84
8973,30703,0.2922589,3.97
8973,14554,0.6165469,3.97
8973,16121,0.5566171,3.97
6274,41250,0.1521016,2.62
6274,70550,0.0889325,2.62
6274,61894,0.1013699,2.62
6274,47951,0.1308458,2.62
6274,54732,0.1146348,2.62
7439,66304,0.1121901,3.29
7439,76051,0.0978113,3.29
7439,44643,0.1666252,3.29
7439,55357,0.1343759,3.29
7439,102778,0.0723759,3.29
7439,50385,0.1476362,3.29
8929,63750,0.1400619,3.59
8929,28750,0.3105721,3.59
8929,30250,0.2951719,3.59
11428,41786,0.2734983,4.67
11428,31741,0.3600517,4.67
11428,33135,0.3449042,4.67
8762,32236,0.2718025,3.73
8762,46447,0.1886414,3.73
8762,32357,0.2707861,3.73
6411,33361,0.1921746,3.13
6411,30673,0.2090157,3.13
8072,10536,0.766139,3.36
6411,35865,0.1787575,3.13
6411,14688,0.4364881,3.13
6411,31821,0.2014751,3.13
8072,10536,0.766139,3.36
7572,30408,0.2490185,3.21
7572,28750,0.2633793,3.21
7572,29397,0.2575825,3.21
6478,28182,0.2298603,2.86
6478,28712,0.2256173,2.86
8324,93333,0.0891867,3.49
8324,14857,0.5602789,3.49
8324,36797,0.2262158,3.49
8324,20504,0.4059727,3.49
6137,90893,0.0675183,2.59
6137,44286,0.1385752,2.59
6137,21167,0.2899297,2.59
6137,42679,0.143793,2.59
7523,30909,0.2433956,3.39
7523,29129,0.2582689,3.39
7523,23110,0.3255351,3.39
7523,21126,0.3561069,3.39
7523,22981,0.3273624,3.39
7523,34758,0.2164427,3.39
7523,12041,0.6247916,3.39
7523,24602,0.3057928,3.39
7881,19013,0.4145213,3.5
7881,19013,0.4145213,3.5
7273,28295,0.2570252,3.11
7273,29318,0.2480568,3.11
7654,37841,0.2022752,3.3
7654,28462,0.2689304,3.3
7654,36587,0.2092081,3.3
7654,38750,0.1975302,3.3
7654,33095,0.2312826,3.3
7173,10139,0.7074919,2.92
7173,38125,0.1881511,2.92
7173,10347,0.6932696,2.92
10795,63344,0.1704164,4.63
7402,26676,0.2774966,3.49
7402,80192,0.0923097,3.49
7402,26729,0.2769464,3.49
6855,52750,0.1299483,3.02
6855,33853,0.2024865,3.02
6855,20393,0.3361337,3.02
6855,80088,0.0855905,3.02
6855,125139,0.0547773,3.02
6855,41354,0.1657584,3.02
5334,70870,0.075266,2.16
5596,9438,0.5929211,2.55
5596,19788,0.2827971,2.55
5596,14926,0.3749155,2.55
5329,65729,0.0810685,2.43
5329,50694,0.1051121,2.43
6925,24511,0.282532,3.01
6925,25083,0.2760891,3.01
5791,20739,0.2792387,2.68
5791,21146,0.2738641,2.68
7261,16818,0.4317174,3.33
7261,16818,0.4317174,3.33
5896,125889,0.0468353,2.47
5896,114688,0.0514095,2.47
6614,19786,0.3342631,3.01
8840,60565,0.1459522,4.21
8840,29323,0.301456,4.21
8840,60179,0.1468883,4.21
6284,30659,0.204961,2.84
6284,30667,0.2049075,2.84
6284,30662,0.2049409,2.84
5845,36528,0.1600016,2.72
5845,36528,0.1600016,2.72
7247,32000,0.2264538,3.07
7247,61189,0.1184285,3.07
7247,29685,0.2441139,3.07
7247,40979,0.176835,3.07
7247,65833,0.1100743,3.07
7247,35054,0.2067245,3.07
8648,29500,0.2931448,3.5
8648,37083,0.2332005,3.5
8648,87457,0.0988803,3.5
8648,71307,0.1212752,3.5
7693,31250,0.2461769,3.22
7693,35888,0.2143621,3.22
7693,43911,0.1751959,3.22
7693,36908,0.2084379,3.22
6075,36190,0.167855,2.62
6075,36190,0.167855,2.62
7816,6837,1.143127,3.71
7816,6837,1.143127,3.71
9403,12031,0.7815595,4.79
9403,12031,0.7815595,4.79
16872,20547,0.8211442,7.12
16872,20547,0.8211442,7.12
7981,43125,0.18506,3.48
7981,16938,0.4711722,3.48
6586,20500,0.3212554,3.02
6586,20500,0.3212554,3.02
6908,43636,0.1582996,2.86
6908,36724,0.1880939,2.86
6908,26196,0.2636876,2.86
6908,62063,0.1112992,2.86
6908,46500,0.1485497,2.86
6908,53972,0.1279842,2.86
6742,31786,0.212102,2.72
6742,31538,0.2137699,2.72
5579,14145,0.3944374,2.83
5579,13750,0.4057685,2.83
7533,100357,0.0750669,3.11
7533,54038,0.1394109,3.11
7052,25833,0.272978,3.26
7052,19583,0.3601001,3.26
6189,8417,0.7352762,2.5
6189,8417,0.7352762,2.5
6845,42656,0.1604727,2.85
6845,34847,0.1964336,2.85
6845,47628,0.1437206,2.85
6845,49191,0.139154,2.85
6845,100227,0.0682962,2.85
6845,46500,0.1472069,2.85
7475,26400,0.2831554,3.3
7475,59583,0.1254603,3.3
7475,24851,0.3008049,3.3
7475,34023,0.2197132,3.3
7475,85074,0.0878682,3.3
7475,31275,0.2390185,3.3
9472,18393,0.5149871,4.05
9472,18393,0.5149871,4.05
5882,42371,0.1388239,2.56
5882,41839,0.1405891,2.56
7877,28750,0.2739738,3.59
7877,21761,0.3619662,3.59
7877,26154,0.301168,3.59
7877,40054,0.1966532,3.59
7877,25991,0.3030567,3.59
5410,10417,0.5193386,2.52
5410,10417,0.5193386,2.52
7732,22083,0.3501252,3.36
7732,40750,0.1897378,3.36
7732,20650,0.374422,3.36
7732,28039,0.2757522,3.36
7732,23924,0.3231824,3.36
7849,41321,0.1899565,3.36
7849,173214,0.045315,3.36
7849,26962,0.2911205,3.36
7849,55793,0.1406842,3.36
7849,62841,0.1249056,3.36
7849,46863,0.1674923,3.36
6702,3243,2.0667018,3.01
6702,30764,0.2178622,3.01
6702,17440,0.384307,3.01
6702,17143,0.390965,3.01
5850,42566,0.1374303,2.54
5850,39000,0.1499964,2.54
6776,22889,0.2960344,2.97
6776,28073,0.2413682,2.97
6776,23252,0.2914128,2.97
8151,63981,0.127397,3.6
8151,36546,0.2230337,3.6
8151,21341,0.3819403,3.6
8151,7176,1.135868,3.6
8151,23929,0.3406322,3.6
8151,35632,0.2287547,3.6
5088,20729,0.2454294,2.23
5088,27604,0.1843032,2.23
7814,7134,1.0953016,3.29
7814,34278,0.2279562,3.29
7814,28529,0.2738926,3.29
7814,51000,0.1532134,3.29
7814,49333,0.1583906,3.29
7814,37595,0.2078436,3.29
6808,28438,0.2394135,2.84
6856,69342,0.0988737,2.99
6856,26364,0.2600555,2.99
6856,55278,0.1240295,2.99
6856,40610,0.1688279,2.99
6856,16875,0.4062875,2.99
6856,38639,0.1774399,2.99
11184,55909,0.2000399,4.64
9914,61495,0.1612142,4.35
9914,24219,0.4093427,4.35
9914,25982,0.3815669,4.35
7567,31231,0.2423025,3.24
7567,49196,0.1538204,3.24
7567,31494,0.2402791,3.24
7164,46250,0.1549061,3.22
7164,30846,0.2322638,3.22
7164,22373,0.3202257,3.22
7164,40244,0.1780243,3.22
7164,35000,0.2046974,3.22
7164,27800,0.2577126,3.22
7164,30697,0.2333912,3.22
7050,33438,0.2108381,3.17
7050,46250,0.1524325,3.17
7050,34500,0.2043479,3.17
8690,11500,0.7556555,4.04
7104,41389,0.1716486,3.16
7104,41389,0.1716486,3.16
4491,27250,0.1648038,2.09
4491,27250,0.1648038,2.09
6073,44375,0.1368648,2.58
6073,80096,0.0758262,2.58
8671,31194,0.2779624,3.73
8671,20963,0.4136221,3.73
8671,25530,0.3396302,3.73
8671,23167,0.374272,3.73
8671,11618,0.7463212,3.73
8671,22249,0.3897146,3.73
6666,52151,0.1278154,2.74
6666,50669,0.1315538,2.74
11719,120833,0.096988,4.7
11719,120833,0.096988,4.7
8854,41348,0.214141,3.83
8854,40588,0.2181507,3.83
6699,49107,0.1364142,2.9
6699,16000,0.4186808,2.9
7709,58864,0.1309642,3.37
7709,14250,0.5409878,3.37
7709,49010,0.157296,3.37
7709,39032,0.1975066,3.37
7709,39718,0.1940953,3.37
7654,26417,0.289749,3.45
7654,42386,0.1805856,3.45
7654,23272,0.328906,3.45
7654,28202,0.2714098,3.45
7654,23934,0.3198086,3.45
8125,33984,0.2390686,3.27
7301,60665,0.1203554,3.53
7301,27622,0.2643313,3.53
7301,25673,0.2843983,3.53
7301,35217,0.2073248,3.53
7301,46131,0.1582744,3.53
7301,31036,0.2352545,3.53
5987,47361,0.1264016,2.57
5987,34375,0.1741529,2.57
5987,78452,0.0763079,2.57
5987,14750,0.4058648,2.57
5987,58894,0.1016488,2.57
9427,15938,0.5914619,4.11
9427,15938,0.5914619,4.11
8339,71453,0.1167086,3.46
8339,58720,0.142016,3.46
8339,55417,0.1504805,3.46
8339,66181,0.1260056,3.46
8220,16346,0.5028747,3.84
8220,11913,0.6900016,3.84
8220,6615,1.2426288,3.84
8220,11875,0.6922096,3.84
7662,9323,0.8218018,3.39
7662,38125,0.2009615,3.39
7712,49095,0.1570785,3.45
7712,21383,0.3606495,3.45
7712,48750,0.1581901,3.45
7712,23486,0.3283559,3.45
5041,16424,0.3069507,2.25
5041,16424,0.3069507,2.25
7217,8472,0.8519131,3.28
7217,8889,0.8119482,3.28
7173,16429,0.4366023,2.99
7173,16429,0.4366023,2.99
7240,24306,0.2978699,3.23
7240,30341,0.2386219,3.23
6400,43403,0.1474667,3.01
8860,140875,0.0628902,3.68
8860,71154,0.1245138,3.68
8860,82564,0.1073065,3.68
8860,4000,2.2149135,3.68
8860,71635,0.1236777,3.68
8155,57847,0.1409671,3.47
8155,37137,0.2195794,3.47
8155,40625,0.2007267,3.47
8155,52500,0.1553242,3.47
8155,41729,0.1954162,3.47
6342,20508,0.309249,2.65
6342,19279,0.3289631,2.65
6342,19705,0.3218513,2.65
5597,84028,0.0666094,2.41
5597,84028,0.0666094,2.41
9822,17857,0.5500411,4.31
9822,22188,0.4426755,4.31
9822,21953,0.4474142,4.31
5455,36625,0.1489489,2.53
5455,38021,0.14348,2.53
9700,29787,0.3256378,4.07
9700,29787,0.3256378,4.07
7419,46103,0.160927,3.25
7419,36736,0.2019604,3.25
6925,18250,0.3794699,3.04
6925,31063,0.2229445,3.04
6925,26047,0.265878,3.04
6925,34412,0.2012474,3.04
6925,28750,0.2408809,3.04
7915,33661,0.2351292,3.48
7915,32635,0.2425213,3.48
7592,24605,0.3085542,3.31
7592,23421,0.3241525,3.31
7256,101591,0.0714217,2.95
7256,45587,0.1591638,2.95
8072,24421,0.3305404,3.47
8072,75481,0.1069425,3.47
8072,38019,0.2123183,3.47
8072,53478,0.150943,3.47
8072,30104,0.2681414,3.47
8224,29355,0.2801529,3.57
8224,21429,0.3837738,3.57
8224,23148,0.3552742,3.57
6807,11538,0.5899472,3.07
6807,12452,0.546644,3.07
7067,26731,0.2643679,3.13
7067,45781,0.1543614,3.13
5300,97625,0.0542904,2.34
5300,43036,0.1231549,2.34
5300,53462,0.0991376,2.34
7227,167679,0.0430983,3.06
7227,26971,0.2679425,3.06
7227,56271,0.1284263,3.06
7227,42273,0.1709525,3.06
7227,30600,0.2361659,3.06
7498,11701,0.6408301,3.32
7498,47880,0.1566072,3.32
7498,33139,0.2262697,3.32
8995,16118,0.5580651,4.12
8995,60536,0.1485875,4.12
8995,21688,0.4147406,4.12
6219,10504,0.5920753,2.93
6219,10282,0.6048589,2.93
5942,8194,0.7251786,2.69
5942,8935,0.6650379,2.69
9153,25662,0.3566772,3.91
9153,16729,0.5471368,3.91
9153,21530,0.4251301,3.91
6355,48390,0.1313351,2.99
6355,13804,0.4603961,2.99
6355,12262,0.5182929,2.99
6177,49886,0.1238151,2.58
6177,48409,0.1275928,2.58
8929,32813,0.2721162,3.59
7060,21903,0.3223247,3.04
7060,68490,0.103079,3.04
7060,48583,0.1453158,3.04
6982,31210,0.2237054,3.28
6982,46786,0.1492294,3.28
6982,41250,0.1692568,3.28
6982,36591,0.1908077,3.28
5936,40375,0.1470119,2.51
5936,28553,0.2078803,2.51
5936,29188,0.2033578,2.51
8324,14554,0.5719337,3.78
8324,16852,0.4939428,3.78
8324,15375,0.5413934,3.78
6879,9519,0.7226798,3.12
6879,18304,0.3758298,3.12
7190,41500,0.1732565,2.97
7190,41500,0.1732565,2.97
7330,46500,0.157624,3.29
7330,36250,0.2021936,3.29
8326,29650,0.2807966,3.35
8326,85600,0.0972619,3.35
8326,41250,0.2018332,3.35
7492,11750,0.6375974,3.36
7492,27188,0.2755542,3.36
7492,16250,0.4610319,3.36
6958,72750,0.0956433,3.12
6958,32639,0.2131821,3.12
6958,34167,0.2036483,3.12
6958,32798,0.2121487,3.12
6631,100536,0.0659565,2.83
6631,101786,0.0651465,2.83
9175,30625,0.2996068,4.22
9175,30000,0.3058486,4.22
8276,39063,0.2118716,3.38
8276,39063,0.2118716,3.38
7094,29031,0.2443702,2.98
7094,44306,0.1601208,2.98
7094,84107,0.0843486,2.98
7094,48750,0.1455243,2.98
5907,36544,0.1616332,2.76
5907,36544,0.1616332,2.76
5522,6902,0.8001286,2.29
5979,20750,0.2881564,2.79
5979,9962,0.6002053,2.79
5979,11515,0.519257,2.79
6963,31705,0.2196272,3.18
6963,25391,0.274242,3.18
6963,17240,0.4039025,3.18
6963,23830,0.2922064,3.18
6963,17134,0.4064013,3.18
6963,20466,0.3402364,3.18
7609,45385,0.1676553,3.18
7609,25625,0.296938,3.18
7609,37014,0.2055718,3.18
7609,33984,0.2239005,3.18
7622,13233,0.5759538,3.21
7622,19381,0.393251,3.21
7622,18893,0.4034085,3.21
7435,67813,0.1096455,3.07
7435,67813,0.1096455,3.07
